CODAGENCIA;NOMAGENCIA;CLUSTER;GASTOS_PROMEDIOREDONDEO;GASTOS_SUMAAJUSTADA;GASTOS_IMPORTEABC;NUEVO_GASTOS_CARGOCUENTAINGRESO_CANTIDAD;PENDIENTES_15DIAS_CANTIDAD;PENDIENTES_15DIAS_IMPORTE;PENDIENTES_FALTANTE_CANTIDAD;PENDIENTES_FALTANTE_IMPORTE;PENDIENTES_ANOMALIA_CANTIDAD;PENDIENTES_ANOMALIA_IMPORTE;PENDIENTES_FINSEMANA_NORMAL_CANTIDAD;PENDIENTES_FINSEMANA_IMPORTE;PENDIENTES_RULETEO_CANTIDAD;PENDIENTES_MENORPROMEDIO_CANTIDAD;PENDIENTES_MENORPROMEDIO_IMPORTE;NUEVO_PENDIENTES_FUERAOFICINA_CANTIDAD;NUEVO_PENDIENTES_SALIDAEFECTO_CANTIDAD;NUEVO_PENDIENTES_FINSEMANA_CANTIDAD;PENDIENTES_RARA_CANTIDAD;TIPOCAMBIO_IMPORTEDOLAR;DEUDA_PERDIDA_GCOMERCIAL;DEUDA_DEFICIENTE_GCOMERCIAL;DEUDA_DUDOSO_GCOMERCIAL;DEUDA_PERDIDA_GOPERATIVO;DEUDA_DEFICIENTE_GOPERATIVO;DEUDA_DUDOSO_GOPERATIVO;DEUDA_PERDIDA_GCONTROL;DEUDA_DEFICIENTE_GCONTROL;DEUDA_DUDOSO_GCONTROL;DIFERENCIACAJA_CANTIDAD;DIFERENCIACAJA_IMPORTE;MATRICULAINACTIVA_OPERACION_CANTIDAD;VACACIONESNEGRAS_CONEXION_CANTIDAD;VACACIONESNEGRAS_VISTOBUENO_CANTIDAD;ANOEXPERIENCIA_GCOMERCIAL;ANOEXPERIENCIA_GOPERATIVO;ANOEXPERIENCIA_GCONTROL;ROTACION_RATIO_PERSONAL;FRAUDE_CANTIDAD
191026;AG.VENEZUELA;0;0.0;0.0;0.0;0.0;5.0;830.0;0.0;0.0;12.0;1250.0;0.0;0.0;1.0;0.0;0.0;0.0;0.0;0.0;0.0;0.0;0.0;0.0;0.0;0.0;0.0;0.0;0.0;0.0;0.0;0.0;0.0;1.0;0.0;3.0;0.0;0.0;5237.0;0.119047619;0.0
191028;AG.ANTUNEZ DE MAYOLO;0;0.0;0.0;0.0;0.0;2.0;200.0;0.0;0.0;3.0;5100.0;0.0;0.0;0.0;0.0;0.0;0.0;1.0;0.0;0.0;0.0;0.0;0.0;0.0;0.0;0.0;0.0;0.0;0.0;0.0;0.0;0.0;0.0;14.0;0.0;0.0;0.0;6246.0;0.058823529;0.0
191030;AG. TARAPACA;0;0.0;0.0;0.0;0.0;19.0;8190.0;0.0;0.0;15.0;6320.0;0.0;0.0;2.0;0.0;0.0;0.0;3.0;0.0;0.0;0.0;0.0;0.0;0.0;0.0;0.0;0.0;0.0;0.0;0.0;0.0;0.0;0.0;0.0;0.0;0.0;0.0;5856.0;0.0625;0.0
191036;AG.SANTO DOMINGO;0;0.0;0.0;0.0;0.0;4.0;2049.2;0.0;0.0;43.0;23690.0;0.0;0.0;3.0;0.0;0.0;0.0;1.0;0.0;0.0;0.0;0.0;0.0;0.0;0.0;0.0;0.0;0.0;0.0;0.0;0.0;0.0;1.0;26.0;0.0;0.0;0.0;6427.0;0.067982456;0.0
191038;AG.TUPAC AMARU;0;0.0;0.0;0.0;0.0;8.0;2220.0;0.0;0.0;13.0;1440.0;0.0;0.0;0.0;0.0;0.0;0.0;1.0;0.0;0.0;0.0;0.0;0.0;0.0;0.0;0.0;0.0;0.0;0.0;0.0;0.0;0.0;0.0;5.0;0.0;0.0;0.0;4545.0;0.044858523;0.0
191055;AG.LAS LOMAS;0;0.0;0.0;0.0;0.0;0.0;0.0;0.0;0.0;0.0;0.0;0.0;0.0;0.0;0.0;0.0;0.0;0.0;0.0;0.0;0.0;0.0;0.0;0.0;0.0;0.0;0.0;0.0;0.0;0.0;0.0;0.0;0.0;0.0;0.0;0.0;0.0;0.0;0.078431373;0.0
191076;AG.LAS MALVINAS;0;0.0;0.0;0.0;0.0;11.0;10311.0;0.0;0.0;7.0;1235.0;0.0;0.0;0.0;0.0;0.0;0.0;1.0;0.0;0.0;0.0;0.0;0.0;0.0;0.0;0.0;0.0;0.0;0.0;0.0;0.0;0.0;0.0;30.0;0.0;0.0;0.0;7815.0;0.075217391;0.0
191077;AG.CENTRO COM.MULTIPLAZA;0;0.0;0.0;0.0;0.0;5.0;1980.0;0.0;0.0;11.0;874.0;0.0;0.0;0.0;0.0;0.0;0.0;2.0;0.0;0.0;0.0;0.0;0.0;0.0;0.0;0.0;0.0;0.0;0.0;0.0;0.0;0.0;0.0;15.0;21.0;0.0;0.0;8257.0;0.078557312;0.0
191085;AG.HUAYCAN;0;0.0;0.0;0.0;0.0;3.0;84.21;0.0;0.0;13.0;1350.0;0.0;0.0;0.0;0.0;0.0;0.0;2.0;0.0;0.0;0.0;0.0;0.0;0.0;0.0;0.0;0.0;0.0;0.0;0.0;0.0;0.0;0.0;17.0;0.0;0.0;0.0;7351.0;0.055555556;0.0
191098;AG.CAILLOMA;0;0.0;0.0;0.0;0.0;2.0;1450.0;0.0;0.0;10.0;2170.0;0.0;0.0;0.0;0.0;0.0;0.0;1.0;0.0;0.0;0.0;0.0;0.0;0.0;0.0;0.0;0.0;0.0;0.0;0.0;6.0;0.42;0.0;0.0;0.0;0.0;0.0;4671.0;0.068253968;1.0
191105;AG.REAL PLAZA CENTRO CIVICO;0;0.0;0.0;0.0;0.0;10.0;17054.16;0.0;0.0;13.0;2260.0;0.0;0.0;2.0;0.0;0.0;0.0;1.0;0.0;0.0;0.0;0.0;0.0;0.0;0.0;0.0;0.0;0.0;0.0;0.0;0.0;0.0;0.0;10.0;6.0;0.0;0.0;6749.0;0.045454545;0.0
191114;AG.LA SALLE;0;0.0;0.0;0.0;0.0;2.0;7047.82;0.0;0.0;6.0;470.0;0.0;0.0;0.0;0.0;0.0;0.0;0.0;0.0;0.0;0.0;0.0;0.0;0.0;0.0;0.0;0.0;0.0;0.0;0.0;0.0;0.0;0.0;13.0;0.0;0.0;0.0;3820.0;0.0;0.0
192008;AG.FAUCETT;0;0.0;0.0;0.0;0.0;3.0;580.0;0.0;0.0;9.0;750.0;0.0;0.0;0.0;0.0;0.0;0.0;0.0;0.0;0.0;0.0;0.0;0.0;0.0;0.0;0.0;0.0;0.0;0.0;0.0;0.0;0.0;0.0;10.0;6.0;0.0;0.0;1724.0;0.064583333;0.0
192026;AG.PLZ.CIVICA VENTANILLA;0;0.0;0.0;0.0;0.0;20.0;8134.04;0.0;0.0;16.0;1560.0;0.0;0.0;6.0;0.0;0.0;0.0;2.0;0.0;0.0;0.0;0.0;0.0;0.0;0.0;0.0;0.0;0.0;0.0;0.0;11.0;19.8;0.0;5.0;0.0;0.0;0.0;4815.0;0.038461538;0.0
192032;AG. ALICORP - CALLAO;0;0.0;0.0;0.0;0.0;0.0;0.0;0.0;0.0;4.0;320.0;0.0;0.0;0.0;0.0;0.0;0.0;0.0;0.0;0.0;0.0;0.0;0.0;0.0;0.0;0.0;0.0;0.0;0.0;0.0;0.0;0.0;0.0;0.0;0.0;0.0;0.0;3925.0;0.0;0.0
192081;AG.SAN MARCOS;0;0.0;0.0;0.0;0.0;2.0;900.0;0.0;0.0;8.0;330.0;0.0;0.0;0.0;0.0;0.0;0.0;1.0;0.0;0.0;0.0;0.0;0.0;0.0;0.0;0.0;0.0;0.0;0.0;0.0;0.0;0.0;0.0;2.0;0.0;0.0;0.0;6605.0;0.053435673;0.0
193006;AG. FRAY LUIS DE LEON;0;0.0;0.0;0.0;0.0;20.0;4661.82;0.0;0.0;6.0;370.0;0.0;0.0;5.0;0.0;0.0;0.0;0.0;0.0;0.0;0.0;0.0;0.0;0.0;0.0;0.0;0.0;0.0;0.0;0.0;0.0;0.0;2.0;30.0;54.0;0.0;0.0;7226.0;0.132575758;0.0
193010;AG. PARDO Y ALIAGA;0;0.0;0.0;0.0;0.0;3.0;3178.4292;0.0;0.0;1.0;100.0;0.0;0.0;0.0;0.0;0.0;0.0;2.0;0.0;0.0;0.0;0.0;0.0;0.0;0.0;0.0;0.0;0.0;0.0;0.0;12.0;87.6;0.0;20.0;0.0;0.0;0.0;6330.0;0.079179567;0.0
193017;AG. ARNALDO MARQUEZ;0;0.0;0.0;0.0;0.0;4.0;1485.0;0.0;0.0;7.0;550.0;0.0;0.0;2.0;0.0;0.0;0.0;2.0;0.0;0.0;0.0;0.0;0.0;0.0;0.0;0.0;0.0;0.0;0.0;0.0;0.0;0.0;0.0;0.0;0.0;0.0;0.0;9029.0;0.063888889;0.0
193024;AG. RIVERA NAVARRETE;0;0.0;0.0;0.0;0.0;6.0;1730.0;0.0;0.0;3.0;300.0;0.0;0.0;0.0;0.0;0.0;0.0;1.0;0.0;0.0;0.0;0.0;0.0;0.0;0.0;0.0;0.0;0.0;0.0;0.0;0.0;0.0;0.0;28.0;4.0;0.0;0.0;5720.0;0.071672772;2.0
193040;AG.LA MARINA OPEN PLAZA;0;0.0;0.0;0.0;0.0;19.0;5348.82;0.0;0.0;10.0;870.0;0.0;0.0;2.0;0.0;0.0;0.0;0.0;0.0;0.0;0.0;0.0;0.0;0.0;0.0;0.0;0.0;0.0;0.0;0.0;0.0;0.0;0.0;0.0;0.0;0.0;0.0;8006.0;0.0625;0.0
193073;AG. LA CALERA;0;0.0;0.0;0.0;0.0;10.0;4720.19;0.0;0.0;2.0;120.0;0.0;0.0;0.0;0.0;0.0;0.0;0.0;0.0;0.0;0.0;0.0;0.0;0.0;0.0;0.0;0.0;0.0;0.0;0.0;0.0;0.0;0.0;40.0;0.0;0.0;0.0;2880.0;0.147159091;0.0
194006;AG. SAN ANTONIO;0;0.0;0.0;0.0;0.0;2.0;350.0;0.0;0.0;0.0;0.0;0.0;0.0;0.0;0.0;0.0;0.0;0.0;0.0;0.0;0.0;0.0;0.0;0.0;0.0;0.0;0.0;0.0;0.0;0.0;0.0;0.0;0.0;10.0;0.0;0.0;0.0;3979.0;0.2;0.0
194013;AG. LARCO;0;0.0;0.0;0.0;0.0;1.0;20.0;0.0;0.0;5.0;320.0;0.0;0.0;0.0;0.0;0.0;0.0;0.0;0.0;0.0;0.0;0.0;0.0;0.0;0.0;0.0;0.0;0.0;0.0;0.0;0.0;0.0;0.0;7.0;0.0;0.0;0.0;9386.0;0.075549451;0.0
194019;AG. CHACARILLA;0;0.0;0.0;0.0;0.0;5.0;3828.5402;0.0;0.0;14.0;2580.0;0.0;0.0;0.0;0.0;0.0;0.0;2.0;0.0;0.0;0.0;0.0;0.0;0.0;0.0;0.0;0.0;0.0;0.0;0.0;0.0;0.0;0.0;0.0;0.0;0.0;0.0;12286.0;0.087066315;1.0
194033;AG. REGATAS;0;0.0;0.0;0.0;0.0;2.0;160.0;0.0;0.0;2.0;150.0;0.0;0.0;0.0;0.0;0.0;0.0;2.0;0.0;0.0;0.0;0.0;0.0;0.0;0.0;0.0;0.0;0.0;0.0;0.0;0.0;0.0;1.0;5.0;0.0;0.0;0.0;3844.0;0.0;5.0
215004;AG. LA NEGRITA;0;0.0;0.0;0.0;0.0;7.0;2360.0;0.0;0.0;14.0;1500.0;0.0;0.0;2.0;0.0;0.0;0.0;2.0;0.0;0.0;0.0;0.0;0.0;0.0;0.0;0.0;0.0;0.0;0.0;0.0;0.0;0.0;0.0;13.0;10.0;0.0;0.0;8045.0;0.041656922;0.0
215010;AG. BUSTAMANTE Y RIVERO;0;0.0;0.0;0.0;0.0;3.0;1135.0;0.0;0.0;20.0;3901270.0;0.0;0.0;0.0;0.0;0.0;0.0;5.0;0.0;0.0;0.0;0.0;0.0;0.0;0.0;0.0;0.0;0.0;0.0;0.0;0.0;0.0;0.0;0.0;0.0;0.0;0.0;5948.0;0.086276353;0.0
215017;AG. SOCABAYA;0;0.0;0.0;0.0;0.0;2.0;263.0;0.0;0.0;12.0;990.0;0.0;0.0;0.0;0.0;0.0;0.0;1.0;0.0;0.0;0.0;0.0;0.0;0.0;0.0;0.0;0.0;0.0;0.0;0.0;0.0;0.0;0.0;6.0;31.0;0.0;0.0;5799.0;0.095454545;0.0
232000;BAGUA GRANDE BANCA DE SERVICIO;0;0.0;0.0;390.0;0.0;15.0;1640.0;0.0;0.0;21.0;4716020.0;0.0;0.0;0.0;0.0;0.0;0.0;2.0;0.0;0.0;0.0;0.0;0.0;0.0;0.0;0.0;0.0;0.0;0.0;0.0;0.0;0.0;0.0;14.0;60.0;0.0;0.0;6191.0;0.111111111;0.0
245002;AG. ATAHUALPA;0;0.0;0.0;0.0;0.0;3.0;1880.0;0.0;0.0;7.0;169.4;0.0;0.0;0.0;0.0;0.0;0.0;0.0;0.0;0.0;0.0;0.0;0.0;0.0;0.0;0.0;0.0;0.0;0.0;0.0;0.0;0.0;0.0;10.0;0.0;0.0;0.0;5505.0;0.116883117;0.0
285004;AG. AGUAS CALIENTES;0;0.0;0.0;0.0;0.0;0.0;0.0;0.0;0.0;0.0;0.0;0.0;0.0;0.0;0.0;0.0;0.0;0.0;0.0;0.0;0.0;0.0;0.0;0.0;0.0;0.0;0.0;0.0;0.0;0.0;0.0;0.0;0.0;25.0;0.0;0.0;0.0;881.0;0.0;0.0
305004;AG. REAL PLAZA CHICLAYO;0;0.0;0.0;0.0;0.0;5.0;2370.0;0.0;0.0;15.0;1156.0;0.0;0.0;5.0;0.0;0.0;0.0;0.0;0.0;0.0;0.0;0.0;0.0;0.0;0.0;0.0;0.0;0.0;0.0;0.0;0.0;0.0;0.0;18.0;0.0;0.0;0.0;5436.0;0.052631579;0.0
305006;AG. LEONARDO ORTIZ;0;0.0;0.0;0.0;0.0;5.0;1600.0;0.0;0.0;21.0;1239.1;0.0;0.0;1.0;0.0;0.0;0.0;1.0;0.0;0.0;0.0;0.0;0.0;0.0;0.0;0.0;0.0;0.0;0.0;0.0;0.0;0.0;0.0;0.0;0.0;0.0;0.0;9822.0;0.080128205;0.0
310003;AG. NUEVO CHIMBOTE;0;0.0;150.0;0.0;3.0;8.0;3120.0;0.0;0.0;15.0;1580.0;0.0;0.0;0.0;0.0;0.0;0.0;1.0;0.0;0.0;0.0;0.0;0.0;0.0;0.0;0.0;0.0;0.0;0.0;0.0;0.0;0.0;1.0;0.0;0.0;0.0;0.0;7411.0;0.054580897;0.0
345000;HUAMACHUCO BANCA DE SERVICIO;0;0.0;0.0;283.333333;0.0;6.0;1320.0;0.0;0.0;20.0;1095.0;0.0;0.0;0.0;0.0;0.0;0.0;0.0;0.0;0.0;0.0;0.0;0.0;0.0;0.0;0.0;0.0;0.0;0.0;0.0;0.0;0.0;0.0;18.0;0.0;0.0;0.0;7717.0;0.108974359;0.0
385001;AG. TOWN SITE;0;0.0;0.0;0.0;0.0;2.0;424.9;0.0;0.0;0.0;0.0;0.0;0.0;0.0;0.0;0.0;0.0;0.0;0.0;0.0;0.0;0.0;0.0;0.0;0.0;0.0;0.0;0.0;0.0;0.0;0.0;0.0;0.0;43.0;0.0;0.0;0.0;314.0;0.0;0.0
390000;AG. IQUITOS BANCA DE SERVICIO;0;0.0;0.0;477.8;0.0;13.0;1810.0;0.0;0.0;27.0;1963.0;0.0;0.0;0.0;0.0;0.0;0.0;1.0;0.0;0.0;0.0;0.0;0.0;0.0;0.0;0.0;0.0;0.0;0.0;0.0;9.0;5132006.6;0.0;0.0;3.0;0.0;0.0;10233.0;0.060098522;3.0
390001;AG.BELEN (IQUITOS);0;0.0;30.0;0.0;2.0;8.0;2620.0;0.0;0.0;6.0;800.0;0.0;0.0;0.0;0.0;0.0;0.0;1.0;0.0;0.0;0.0;0.0;0.0;0.0;0.0;0.0;0.0;0.0;0.0;0.0;0.0;0.0;0.0;2.0;0.0;0.0;0.0;1510.0;0.126373626;0.0
400000;AG. JAUJA BCA SERV.;0;0.0;0.0;400.0;0.0;3.0;110.0;0.0;0.0;12.0;4885883.4;0.0;0.0;0.0;0.0;0.0;0.0;0.0;0.0;0.0;0.0;0.0;0.0;0.0;0.0;0.0;0.0;0.0;0.0;0.0;0.0;0.0;0.0;30.0;0.0;0.0;0.0;4005.0;0.0;0.0
401000;AG. PICHANAKI;0;0.0;0.0;410.0;1.0;11.0;3920.0;0.0;0.0;1.0;50.0;0.0;0.0;0.0;0.0;0.0;0.0;0.0;0.0;0.0;0.0;0.0;0.0;0.0;0.0;0.0;0.0;0.0;0.0;0.0;0.0;0.0;0.0;0.0;0.0;0.0;0.0;4606.0;0.136363636;0.0
405000;AG. JULIACA BANCA DE SERVICIO;0;0.0;0.0;292.906666;2.0;11.0;3956.0;0.0;0.0;155.0;7310.6;0.0;0.0;6.0;0.0;0.0;0.0;1.0;0.0;0.0;0.0;0.0;0.0;0.0;0.0;0.0;0.0;0.0;0.0;0.0;66.0;183300519.6;0.0;8.0;0.0;0.0;0.0;7268.0;0.066991101;3.0
420000;AG. LA OROYA BCA SERV.;0;0.0;0.0;0.0;1.0;2.0;1500.0;0.0;0.0;0.0;0.0;0.0;0.0;0.0;0.0;0.0;0.0;0.0;0.0;0.0;0.0;0.0;0.0;0.0;0.0;0.0;0.0;0.0;0.0;0.0;0.0;0.0;0.0;14.0;0.0;0.0;0.0;5619.0;0.133928571;1.0
425000;MOLLENDO BANCA DE SERVICIO;0;0.0;600.0;283.333333;1.0;5.0;1945.13;0.0;0.0;1.0;100.0;0.0;0.0;0.0;0.0;0.0;0.0;0.0;0.0;0.0;0.0;0.0;0.0;0.0;0.0;0.0;0.0;0.0;0.0;0.0;0.0;0.0;0.0;0.0;0.0;0.0;0.0;8080.0;0.090909091;0.0
430002;AGENCIA PLAZA CENTER MOQUEGUA;0;0.0;0.0;0.0;0.0;0.0;0.0;0.0;0.0;0.0;0.0;0.0;0.0;0.0;0.0;0.0;0.0;0.0;0.0;0.0;0.0;0.0;0.0;0.0;0.0;0.0;0.0;0.0;0.0;0.0;0.0;0.0;0.0;0.0;0.0;0.0;0.0;1167.0;0.0;0.0
445000;AG. OXAPAMPA BCA SERV.;0;0.0;0.0;0.0;67.0;2.0;662.0;0.0;0.0;10.0;1125.0;0.0;0.0;0.0;0.0;0.0;0.0;0.0;0.0;0.0;0.0;0.0;0.0;0.0;0.0;0.0;0.0;0.0;0.0;0.0;0.0;0.0;0.0;18.0;12.0;0.0;0.0;4190.0;0.125;1.0
450000;PACASMAYO BANCA DE SERVICIO;0;0.0;1550.0;150.0;3.0;1.0;110.0;0.0;0.0;8.0;5754600.0;0.0;0.0;2.0;0.0;0.0;0.0;0.0;0.0;0.0;0.0;0.0;0.0;0.0;0.0;0.0;0.0;0.0;0.0;0.0;0.0;0.0;0.0;0.0;0.0;0.0;0.0;4919.0;0.111111111;0.0
475012;AG.EL CHIPE;0;0.0;0.0;0.0;0.0;4.0;1500.0;0.0;0.0;4.0;260.0;0.0;0.0;0.0;0.0;0.0;0.0;0.0;0.0;0.0;0.0;0.0;0.0;0.0;0.0;0.0;0.0;0.0;0.0;0.0;0.0;0.0;0.0;15.0;33.0;0.0;0.0;6478.0;0.0;0.0
480000;PUCALLPA BANCA DE SERVICIO;0;0.0;0.0;0.0;6.0;28.0;5477.0;0.0;0.0;15.0;1480.0;0.0;0.0;3.0;0.0;0.0;0.0;1.0;0.0;0.0;0.0;0.0;0.0;0.0;0.0;0.0;0.0;0.0;0.0;0.0;7.0;5515577.0;0.0;0.0;0.0;0.0;0.0;4124.0;0.112281167;1.0
480003;AG.OPEN PLAZA PUCALLPA;0;0.0;476.46;500.0;5.0;4.0;1040.0;0.0;0.0;2.0;300.0;0.0;0.0;0.0;0.0;0.0;0.0;1.0;0.0;0.0;0.0;0.0;0.0;0.0;0.0;0.0;0.0;0.0;0.0;0.0;0.0;0.0;0.0;0.0;0.0;0.0;0.0;3551.0;0.10526973;0.0
505000;AG. QUILLABAMBA B SERV;0;0.0;151.026666;230.0;3.0;1.0;50.0;0.0;0.0;1.0;32.0;0.0;0.0;0.0;0.0;0.0;0.0;0.0;0.0;0.0;0.0;0.0;0.0;0.0;0.0;0.0;0.0;0.0;0.0;0.0;0.0;0.0;0.0;29.0;0.0;0.0;0.0;5223.0;0.1;0.0
533000;AG. SICUANI;0;0.0;0.0;350.0;0.0;4.0;1640.0;0.0;0.0;49.0;1522.6;0.0;0.0;6.0;0.0;0.0;0.0;1.0;0.0;0.0;0.0;0.0;0.0;0.0;0.0;0.0;0.0;0.0;0.0;0.0;0.0;0.0;0.0;0.0;0.0;0.0;0.0;4811.0;0.111111111;0.0
570018;AG. VICTOR LARCO;0;0.0;0.0;0.0;0.0;12.0;3998.1724;0.0;0.0;9.0;866.0;0.0;0.0;0.0;0.0;0.0;0.0;2.0;0.0;0.0;0.0;0.0;0.0;0.0;0.0;0.0;0.0;0.0;0.0;0.0;0.0;0.0;0.0;13.0;11.0;0.0;0.0;5981.0;0.0625;0.0
585000;AG. YURIMAGUAS BCA SERV;0;0.0;0.0;500.0;0.0;4.0;1200.0;0.0;0.0;2.0;200.0;0.0;0.0;0.0;0.0;0.0;0.0;0.0;0.0;0.0;0.0;0.0;0.0;0.0;0.0;0.0;0.0;0.0;0.0;0.0;0.0;0.0;0.0;27.0;0.0;0.0;0.0;3493.0;0.0;0.0
191000;LIMA BANCA DE SERVICIO;0;0.0;0.0;259.07;4484.0;6.0;1745.0;0.0;0.0;13.0;4022.0;0.0;0.0;2.0;0.0;0.0;0.0;0.0;1.0;0.0;0.0;0.0;0.0;0.0;0.0;0.0;0.0;0.0;0.0;0.0;1068.0;11559794869.0;0.0;10.0;0.0;0.0;0.0;9767.0;0.035714286;1.0
191000;LIMA CAJA TP;0;0.0;0.0;259.07;4484.0;6.0;1745.0;0.0;0.0;13.0;4022.0;0.0;0.0;2.0;0.0;0.0;0.0;0.0;1.0;0.0;0.0;0.0;0.0;0.0;0.0;0.0;0.0;0.0;0.0;0.0;1068.0;11559794869.0;0.0;10.0;0.0;0.0;0.0;9767.0;0.035714286;1.0
191029;AG.PRO;0;0.0;0.0;0.0;0.0;15.0;4990.0;0.0;0.0;19.0;3130.0;0.0;0.0;0.0;0.0;0.0;0.0;0.0;0.0;0.0;0.0;0.0;0.0;0.0;0.0;0.0;0.0;0.0;0.0;0.0;0.0;0.0;0.0;2.0;0.0;0.0;0.0;2505.0;0.100279107;1.0
191043;AG.VITARTE;0;0.0;0.0;0.0;0.0;10.0;2210.0;0.0;0.0;28.0;5260.0;0.0;0.0;0.0;0.0;0.0;0.0;0.0;0.0;0.0;0.0;0.0;0.0;0.0;0.0;0.0;0.0;0.0;0.0;0.0;0.0;0.0;1.0;15.0;0.0;0.0;0.0;6243.0;0.052777778;0.0
191049;AG.TOPITOP;0;0.0;0.0;0.0;0.0;0.0;0.0;0.0;0.0;2.0;300.0;0.0;0.0;0.0;0.0;0.0;0.0;0.0;0.0;0.0;0.0;0.0;0.0;0.0;0.0;0.0;0.0;0.0;0.0;0.0;0.0;0.0;0.0;10.0;0.0;0.0;0.0;1259.0;0.5;0.0
191061;AG.MERCADO PRODUCTORES;0;0.0;0.0;0.0;0.0;2.0;145.0;0.0;0.0;22.0;2400.0;0.0;0.0;0.0;0.0;0.0;0.0;1.0;0.0;0.0;0.0;0.0;0.0;0.0;0.0;0.0;0.0;0.0;0.0;0.0;0.0;0.0;0.0;4.0;0.0;0.0;0.0;8096.0;0.077622628;1.0
191069;AG.MESA REDONDA;0;0.0;0.0;0.0;0.0;6.0;1372.4;0.0;0.0;31.0;39466.0;0.0;0.0;0.0;0.0;0.0;0.0;4.0;0.0;0.0;0.0;0.0;0.0;0.0;0.0;0.0;0.0;0.0;0.0;0.0;0.0;0.0;0.0;15.0;10.0;0.0;0.0;7565.0;0.074323063;0.0
191071;AG. CANADA;0;0.0;0.0;0.0;0.0;5.0;2130.0;0.0;0.0;5.0;180.0;0.0;0.0;0.0;0.0;0.0;0.0;0.0;0.0;0.0;0.0;0.0;0.0;0.0;0.0;0.0;0.0;0.0;0.0;0.0;0.0;0.0;0.0;0.0;0.0;0.0;0.0;5612.0;0.118354072;0.0
191087;AG.EL PINO;0;0.0;0.0;0.0;0.0;3.0;1370.0;0.0;0.0;14.0;1660.0;0.0;0.0;0.0;0.0;0.0;0.0;1.0;0.0;0.0;0.0;0.0;0.0;0.0;0.0;0.0;0.0;0.0;0.0;0.0;0.0;0.0;0.0;3.0;0.0;0.0;0.0;9980.0;0.074400871;0.0
191091;AG. CAQUETA;0;0.0;0.0;0.0;0.0;2.0;400.0;0.0;0.0;13.0;4720.0;0.0;0.0;0.0;0.0;0.0;0.0;0.0;0.0;0.0;0.0;0.0;0.0;0.0;0.0;0.0;0.0;0.0;0.0;0.0;0.0;0.0;0.0;0.0;0.0;0.0;0.0;5117.0;0.095454545;1.0
191096;AG. CANTO GRANDE;0;0.0;0.0;0.0;0.0;11.0;6694.5242;0.0;0.0;20.0;115600.0;0.0;0.0;0.0;0.0;0.0;0.0;0.0;0.0;0.0;0.0;0.0;0.0;0.0;0.0;0.0;0.0;0.0;0.0;0.0;0.0;0.0;0.0;0.0;5.0;0.0;0.0;6952.0;0.133333333;0.0
191097;AG. ZARATE;0;0.0;0.0;0.0;0.0;7.0;2790.78;0.0;0.0;22.0;6392.1;0.0;0.0;0.0;0.0;0.0;0.0;0.0;0.0;0.0;0.0;0.0;0.0;0.0;0.0;0.0;0.0;0.0;0.0;0.0;0.0;0.0;0.0;12.0;0.0;0.0;0.0;3152.0;0.062622549;2.0
191113;AG.CHIMPU OCLLO;0;0.0;0.0;0.0;0.0;5.0;2550.0;0.0;0.0;14.0;1550.0;0.0;0.0;0.0;0.0;0.0;0.0;0.0;0.0;0.0;0.0;0.0;0.0;0.0;0.0;0.0;0.0;0.0;0.0;0.0;0.0;0.0;0.0;15.0;8.0;0.0;0.0;8238.0;0.083333333;0.0
191143;AG.NAYLAMP;0;0.0;0.0;0.0;0.0;7.0;7080.94;0.0;0.0;9.0;10590.0;0.0;0.0;0.0;0.0;0.0;0.0;0.0;0.0;0.0;0.0;0.0;0.0;0.0;0.0;0.0;0.0;0.0;0.0;0.0;0.0;0.0;1.0;0.0;0.0;0.0;0.0;9158.0;0.06127451;0.0
191166;AG.LA RAMBLA - BRASIL;0;0.0;0.0;0.0;0.0;4.0;1370.0;0.0;0.0;2.0;150.0;0.0;0.0;0.0;0.0;0.0;0.0;2.0;0.0;0.0;0.0;0.0;0.0;0.0;0.0;0.0;0.0;0.0;0.0;0.0;0.0;0.0;0.0;0.0;6.0;0.0;0.0;5556.0;0.0;0.0
191173;AGENCIA REAL PLAZA SANTA CLARA;0;0.0;0.0;0.0;0.0;9.0;6470.0;0.0;0.0;17.0;2540.0;0.0;0.0;2.0;0.0;0.0;0.0;7.0;0.0;0.0;0.0;0.0;0.0;0.0;0.0;0.0;0.0;0.0;0.0;0.0;0.0;0.0;0.0;4.0;0.0;0.0;0.0;2656.0;0.191666667;0.0
192054;AG.C. AEREO COMERCIAL;0;0.0;0.0;0.0;0.0;3.0;4261.6;0.0;0.0;7.0;1110.0;0.0;0.0;0.0;0.0;0.0;0.0;1.0;0.0;0.0;0.0;0.0;0.0;0.0;0.0;0.0;0.0;0.0;0.0;0.0;0.0;0.0;0.0;12.0;0.0;0.0;0.0;6527.0;0.090196078;0.0
193003;AG. CAMACHO;0;0.0;0.0;0.0;0.0;0.0;0.0;0.0;0.0;2.0;300.0;0.0;0.0;2.0;0.0;0.0;0.0;0.0;0.0;0.0;0.0;0.0;0.0;0.0;0.0;0.0;0.0;0.0;0.0;0.0;0.0;0.0;0.0;0.0;0.0;0.0;0.0;5868.0;0.160714286;0.0
193009;AG. 2 DE MAYO;0;0.0;0.0;0.0;0.0;5.0;1256.2;0.0;0.0;5.0;570.0;0.0;0.0;0.0;0.0;0.0;0.0;0.0;0.0;0.0;0.0;0.0;0.0;0.0;0.0;0.0;0.0;0.0;0.0;0.0;0.0;0.0;0.0;0.0;0.0;0.0;0.0;7596.0;0.085858586;0.0
193012;AG.RAUL FERRERO;0;0.0;0.0;0.0;0.0;4.0;2240.0;0.0;0.0;10.0;1240.0;0.0;0.0;2.0;0.0;0.0;0.0;1.0;0.0;0.0;0.0;0.0;0.0;0.0;0.0;0.0;0.0;0.0;0.0;0.0;0.0;0.0;0.0;10.0;0.0;0.0;0.0;7408.0;0.082846004;0.0
193036;AG. JOSE GALVEZ;0;0.0;0.0;0.0;0.0;9.0;3570.0;0.0;0.0;20.0;2470.0;0.0;0.0;0.0;0.0;0.0;0.0;4.0;0.0;0.0;0.0;0.0;0.0;0.0;0.0;0.0;0.0;0.0;0.0;0.0;0.0;0.0;0.0;0.0;5.0;0.0;0.0;4138.0;0.064583333;0.0
193043;AG. PARQUE SAN JOSE;0;0.0;0.0;0.0;0.0;15.0;3286.07;0.0;0.0;18.0;1190.0;0.0;0.0;0.0;0.0;0.0;0.0;2.0;0.0;0.0;0.0;0.0;0.0;0.0;0.0;0.0;0.0;0.0;0.0;0.0;0.0;0.0;0.0;10.0;0.0;0.0;0.0;3105.0;0.0;0.0
193053;AG.PEZET;0;0.0;0.0;0.0;0.0;3.0;804.0;0.0;0.0;0.0;0.0;0.0;0.0;0.0;0.0;0.0;0.0;0.0;0.0;0.0;0.0;0.0;0.0;0.0;0.0;0.0;0.0;0.0;0.0;0.0;0.0;0.0;0.0;0.0;0.0;0.0;0.0;8958.0;0.076923077;0.0
194003;AG. PARDO;0;0.0;0.0;0.0;0.0;3.0;1145.0;0.0;0.0;12.0;1820.0;0.0;0.0;0.0;0.0;0.0;0.0;0.0;0.0;0.0;0.0;0.0;0.0;0.0;0.0;0.0;0.0;0.0;0.0;0.0;0.0;0.0;0.0;3.0;0.0;0.0;0.0;10539.0;0.080555556;0.0
194007;AG. BARRANCO;0;0.0;0.0;0.0;0.0;5.0;870.0;0.0;0.0;11.0;3210.0;0.0;0.0;0.0;0.0;0.0;0.0;1.0;0.0;0.0;0.0;0.0;0.0;0.0;0.0;0.0;0.0;0.0;0.0;0.0;0.0;0.0;0.0;39.0;0.0;0.0;0.0;3232.0;0.064327485;0.0
194025;AG. VILLA MARIA DEL TRIUNFO;0;0.0;0.0;0.0;0.0;8.0;2250.0;0.0;0.0;7.0;800.0;0.0;0.0;0.0;0.0;0.0;0.0;1.0;0.0;0.0;0.0;0.0;0.0;0.0;0.0;0.0;0.0;0.0;0.0;0.0;0.0;0.0;0.0;24.0;0.0;0.0;0.0;8973.0;0.060661765;1.0
194030;AG. PARQUE INDUSTRIAL LIMA;0;0.0;0.0;323.633333;13.0;3.0;1610.0;0.0;0.0;10.0;2100.0;0.0;0.0;0.0;0.0;0.0;0.0;0.0;0.0;0.0;0.0;0.0;0.0;0.0;0.0;0.0;0.0;0.0;0.0;0.0;0.0;0.0;0.0;12.0;0.0;0.0;0.0;3661.0;0.065833333;0.0
194044;AG.CHAMA;0;0.0;0.0;0.0;0.0;1.0;180.0;0.0;0.0;4.0;1020.0;0.0;0.0;0.0;0.0;0.0;0.0;0.0;0.0;0.0;0.0;0.0;0.0;0.0;0.0;0.0;0.0;0.0;0.0;0.0;0.0;0.0;0.0;5.0;0.0;0.0;0.0;9203.0;0.074175824;0.0
194046;AG. PRIMAVERA MONTERRICO;0;0.0;0.0;0.0;0.0;7.0;1810.0;0.0;0.0;5.0;420.0;0.0;0.0;3.0;0.0;0.0;0.0;1.0;0.0;0.0;0.0;0.0;0.0;0.0;0.0;0.0;0.0;0.0;0.0;0.0;0.0;0.0;0.0;12.0;0.0;0.0;0.0;9112.0;0.112610044;1.0
194060;STRIP CENTER GUARDIA CIVIL;0;0.0;0.0;0.0;0.0;8.0;2740.0;0.0;0.0;11.0;1150.0;0.0;0.0;0.0;0.0;0.0;0.0;1.0;0.0;0.0;0.0;0.0;0.0;0.0;0.0;0.0;0.0;0.0;0.0;0.0;0.0;0.0;0.0;5.0;5.0;0.0;0.0;3905.0;0.069047619;0.0
194061;AG.OPEN PLAZA ANGAMOS;0;0.0;0.0;0.0;0.0;6.0;2294.9748;0.0;0.0;3.0;620.0;0.0;0.0;6.0;0.0;0.0;0.0;0.0;0.0;0.0;0.0;0.0;0.0;0.0;0.0;0.0;0.0;0.0;0.0;0.0;0.0;0.0;0.0;0.0;0.0;0.0;0.0;7043.0;0.084908425;1.0
194080;AG. HOSPITAL FAP;0;0.0;0.0;0.0;0.0;3.0;250.0;0.0;0.0;3.0;400.0;0.0;0.0;0.0;0.0;0.0;0.0;1.0;0.0;0.0;0.0;0.0;0.0;0.0;0.0;0.0;0.0;0.0;0.0;0.0;0.0;0.0;0.0;12.0;0.0;0.0;0.0;6294.0;0.076923077;0.0
215022;AG. JACOBO HUNTER;0;0.0;0.0;0.0;0.0;6.0;1480.0;0.0;0.0;14.0;4725.0;0.0;0.0;0.0;0.0;0.0;0.0;2.0;0.0;0.0;0.0;0.0;0.0;0.0;0.0;0.0;0.0;0.0;0.0;0.0;0.0;0.0;0.0;2.0;0.0;0.0;0.0;7980.0;0.118055556;0.0
220002;AG. MARISCAL CACERES;0;0.0;0.0;0.0;0.0;6.0;780.0;0.0;0.0;7.0;520.0;0.0;0.0;0.0;0.0;0.0;0.0;0.0;0.0;0.0;0.0;0.0;0.0;0.0;0.0;0.0;0.0;0.0;0.0;0.0;0.0;0.0;0.0;1.0;0.0;0.0;0.0;6259.0;0.104848485;0.0
230000;BAGUA CHICA BANCA DE SERVICIO;0;0.0;0.0;0.0;0.0;1.0;90.0;0.0;0.0;5.0;690.0;0.0;0.0;0.0;0.0;0.0;0.0;0.0;0.0;0.0;0.0;0.0;0.0;0.0;0.0;0.0;0.0;0.0;0.0;0.0;0.0;0.0;0.0;8.0;0.0;0.0;0.0;6653.0;0.133928571;1.0
245001;AG. EL QUINDE - CAJAMARCA;0;0.0;0.0;100.0;0.0;9.0;2230.0;0.0;0.0;28.0;2396.0;0.0;0.0;2.0;0.0;0.0;0.0;0.0;0.0;0.0;0.0;0.0;0.0;0.0;0.0;0.0;0.0;0.0;0.0;0.0;0.0;0.0;1.0;0.0;0.0;0.0;0.0;3697.0;0.058823529;0.0
250000;CAMANA BANCA DE SERVICIO;0;0.0;0.0;100.0;2.0;8.0;4190.74;0.0;0.0;3.0;201.0;0.0;0.0;0.0;0.0;0.0;0.0;1.0;0.0;0.0;0.0;0.0;0.0;0.0;0.0;0.0;0.0;0.0;0.0;0.0;0.0;0.0;0.0;47.0;5.0;0.0;0.0;4769.0;0.076923077;0.0
255000;AG. CANETE BCA SERV.;0;0.0;0.0;225.0;1.0;2.0;780.0;0.0;0.0;20.0;2570.0;0.0;0.0;0.0;0.0;0.0;0.0;2.0;0.0;0.0;0.0;0.0;0.0;0.0;0.0;0.0;0.0;0.0;0.0;0.0;8.0;9297672.0;0.0;16.0;8.0;0.0;0.0;4004.0;0.085858586;1.0
255002;AG. OFICINA MALA;0;0.0;0.0;0.0;0.0;11.0;6961.44;0.0;0.0;11.0;1020.0;0.0;0.0;0.0;0.0;0.0;0.0;0.0;0.0;0.0;0.0;0.0;0.0;0.0;0.0;0.0;0.0;0.0;0.0;0.0;0.0;0.0;0.0;11.0;12.0;0.0;0.0;1923.0;0.1;0.0
280000;AG. C DE PASCO BCA SERV;0;0.0;0.0;0.0;0.0;5.0;990.0;0.0;0.0;9.0;420.0;0.0;0.0;0.0;0.0;0.0;0.0;0.0;0.0;0.0;0.0;0.0;0.0;0.0;0.0;0.0;0.0;0.0;0.0;0.0;0.0;0.0;0.0;6.0;0.0;0.0;0.0;3899.0;0.185185185;1.0
285003;AG. DIAGONAL CUSCO;0;0.0;0.0;0.0;0.0;5.0;706.33;0.0;0.0;12.0;1800.0;0.0;0.0;0.0;0.0;0.0;0.0;10.0;0.0;0.0;0.0;0.0;0.0;0.0;0.0;0.0;0.0;0.0;0.0;0.0;0.0;0.0;1.0;19.0;0.0;0.0;0.0;4622.0;0.082043344;0.0
285006;AG. LA CULTURA;0;0.0;0.0;0.0;0.0;8.0;3122.0;0.0;0.0;4.0;2450.0;0.0;0.0;0.0;0.0;0.0;0.0;1.0;0.0;0.0;0.0;0.0;0.0;0.0;0.0;0.0;0.0;0.0;0.0;0.0;0.0;0.0;1.0;8.0;0.0;0.0;0.0;3363.0;0.054695562;0.0
305003;AG. SANTA VICTORIA;0;0.0;0.0;0.0;0.0;2.0;1900.0;0.0;0.0;5.0;181.9;0.0;0.0;4.0;0.0;0.0;0.0;1.0;0.0;0.0;0.0;0.0;0.0;0.0;0.0;0.0;0.0;0.0;0.0;0.0;0.0;0.0;0.0;2.0;0.0;0.0;0.0;2443.0;0.0;0.0
315000;AG. CHINCHA BCA SERV.;0;0.0;0.0;0.0;3.0;13.0;5453.3184;0.0;0.0;13.0;6580.0;0.0;0.0;0.0;0.0;0.0;0.0;0.0;0.0;0.0;0.0;0.0;0.0;0.0;0.0;0.0;0.0;0.0;0.0;0.0;0.0;0.0;0.0;29.0;0.0;0.0;0.0;7407.0;0.041666667;0.0
355001;AGENCIA EL TAMBO;0;0.0;0.0;0.0;0.0;7.0;2598.0;0.0;0.0;10.0;613.0;0.0;0.0;0.0;0.0;0.0;0.0;0.0;0.0;0.0;0.0;0.0;0.0;0.0;0.0;0.0;0.0;0.0;0.0;0.0;0.0;0.0;0.0;27.0;0.0;0.0;0.0;7176.0;0.069047619;1.0
430001;AG. CUAJONE;0;0.0;0.0;0.0;0.0;2.0;400.0;0.0;0.0;3.0;500.0;0.0;0.0;0.0;0.0;0.0;0.0;0.0;0.0;0.0;0.0;0.0;0.0;0.0;0.0;0.0;0.0;0.0;0.0;0.0;0.0;0.0;0.0;0.0;0.0;0.0;0.0;773.0;0.0;0.0
435001;AG. RIOJA;0;0.0;0.0;0.0;0.0;1.0;10.0;0.0;0.0;4.0;215.0;0.0;0.0;0.0;0.0;0.0;0.0;0.0;0.0;0.0;0.0;0.0;0.0;0.0;0.0;0.0;0.0;0.0;0.0;0.0;0.0;0.0;0.0;19.0;0.0;0.0;0.0;1319.0;0.142857143;0.0
435002;AG. NUEVA CAJAMARCA;0;0.0;0.0;0.0;1.0;0.0;0.0;0.0;0.0;9.0;850.0;0.0;0.0;0.0;0.0;0.0;0.0;0.0;0.0;0.0;0.0;0.0;0.0;0.0;0.0;0.0;0.0;0.0;0.0;0.0;0.0;0.0;0.0;9.0;0.0;0.0;0.0;2779.0;0.105555556;0.0
475000;PIURA BANCA DE SERVICIO;0;0.0;0.0;0.0;44.0;87.0;7773.5668;0.0;0.0;168.0;8719.0;0.0;0.0;11.0;0.0;0.0;0.0;0.0;0.0;0.0;0.0;0.0;0.0;0.0;0.0;0.0;0.0;0.0;0.0;0.0;22.0;22089780.0;0.0;6.0;0.0;0.0;0.0;11861.0;0.027084495;2.0
475013;AG. TAMBOGRANDE;0;0.0;0.0;0.0;0.0;1.0;360.0;0.0;0.0;5.0;1330.0;0.0;0.0;0.0;0.0;0.0;0.0;1.0;0.0;0.0;0.0;0.0;0.0;0.0;0.0;0.0;0.0;0.0;0.0;0.0;0.0;0.0;0.0;0.0;0.0;0.0;0.0;4081.0;0.165608466;0.0
540000;AG. TACNA BANCA DE SERV.;0;0.0;0.0;960.0;3.0;30.0;4779.16;0.0;0.0;65.0;17931.7;0.0;0.0;4.0;0.0;0.0;0.0;1.0;0.0;0.0;0.0;0.0;0.0;0.0;0.0;0.0;0.0;0.0;0.0;0.0;17.0;13255292.8;0.0;33.0;0.0;0.0;0.0;7724.0;0.033650794;0.0
550000;AG. TARAPOTO BCA SERV.;0;0.0;0.0;2500.0;0.0;162.0;9550.5;0.0;0.0;648.0;600132597.4;0.0;0.0;1.0;0.0;0.0;0.0;0.0;0.0;0.0;0.0;0.0;0.0;0.0;0.0;0.0;0.0;0.0;0.0;0.0;6.0;8054340.0;0.0;18.0;0.0;0.0;0.0;3963.0;0.05488307;2.0
570002;AG. MERCADO MAYORISTA;0;0.0;0.0;0.0;0.0;3.0;1120.0;0.0;0.0;7.0;550.0;0.0;0.0;2.0;0.0;0.0;0.0;3.0;0.0;0.0;0.0;0.0;0.0;0.0;0.0;0.0;0.0;0.0;0.0;0.0;0.0;0.0;1.0;11.0;0.0;0.0;0.0;6844.0;0.045454545;0.0
191010;AG.MEGA PLAZA-CC CONO NORTE;0;0.0;0.0;0.0;0.0;8.0;1760.0;0.0;0.0;33.0;5394.0;0.0;0.0;4.0;0.0;0.0;0.0;0.0;0.0;0.0;0.0;0.0;0.0;0.0;0.0;0.0;0.0;0.0;0.0;0.0;0.0;0.0;0.0;36.0;2.0;0.0;0.0;5683.0;0.037749288;0.0
191015;AG.GAMARRA MODA PLAZA;0;0.0;0.0;0.0;0.0;7.0;2000.0;0.0;0.0;3.0;210.0;0.0;0.0;0.0;0.0;0.0;0.0;1.0;0.0;0.0;0.0;0.0;0.0;0.0;0.0;0.0;0.0;0.0;0.0;0.0;0.0;0.0;0.0;4.0;3.0;0.0;0.0;5193.0;0.095454545;0.0
191020;AG.PURUCHUCO;0;0.0;0.0;0.0;0.0;10.0;4040.0;0.0;0.0;13.0;5060.0;0.0;0.0;0.0;0.0;0.0;0.0;1.0;0.0;0.0;0.0;0.0;0.0;0.0;0.0;0.0;0.0;0.0;0.0;0.0;2.0;119359.89;0.0;3.0;7.0;0.0;0.0;6415.0;0.055555556;0.0
191057;AG.ANGELICA GAMARRA;0;0.0;0.0;0.0;0.0;8.0;3330.0;0.0;0.0;10.0;740.0;0.0;0.0;0.0;0.0;0.0;0.0;2.0;0.0;0.0;0.0;0.0;0.0;0.0;0.0;0.0;0.0;0.0;0.0;0.0;0.0;0.0;0.0;5.0;0.0;0.0;0.0;7464.0;0.089880952;0.0
191064;AG. MERCADO DE FRUTAS;0;0.0;0.0;0.0;0.0;8.0;1521.47;0.0;0.0;4.0;65.0;0.0;0.0;0.0;0.0;0.0;0.0;1.0;0.0;0.0;0.0;0.0;0.0;0.0;0.0;0.0;0.0;0.0;0.0;0.0;0.0;0.0;0.0;0.0;0.0;0.0;0.0;3655.0;0.09047619;0.0
191074;AG.CHACLACAYO;0;0.0;0.0;0.0;0.0;4.0;981.0;0.0;0.0;15.0;2325.0;0.0;0.0;0.0;0.0;0.0;0.0;1.0;0.0;0.0;0.0;0.0;0.0;0.0;0.0;0.0;0.0;0.0;0.0;0.0;0.0;0.0;0.0;6.0;0.0;0.0;0.0;1731.0;0.084722222;1.0
191088;AG.CC. FIORI;0;0.0;0.0;0.0;0.0;9.0;2360.9;0.0;0.0;12.0;3830.0;0.0;0.0;0.0;0.0;0.0;0.0;0.0;0.0;0.0;0.0;0.0;0.0;0.0;0.0;0.0;0.0;0.0;0.0;0.0;14.0;49531.86;0.0;0.0;0.0;0.0;0.0;4795.0;0.0625;3.0
191118;AG.MAP SANTA ANITA;0;0.0;0.0;0.0;0.0;1.0;100.0;0.0;0.0;14.0;1370.0;0.0;0.0;0.0;0.0;0.0;0.0;0.0;0.0;0.0;0.0;0.0;0.0;0.0;0.0;0.0;0.0;0.0;0.0;0.0;13.0;15554.76;0.0;11.0;0.0;0.0;0.0;3634.0;0.124074074;2.0
191120;AG. PROCERES;0;0.0;0.0;0.0;0.0;14.0;3669.8;0.0;0.0;71.0;261390.0;0.0;0.0;0.0;0.0;0.0;0.0;3.0;0.0;0.0;0.0;0.0;0.0;0.0;0.0;0.0;0.0;0.0;0.0;0.0;0.0;0.0;0.0;0.0;0.0;0.0;0.0;5067.0;0.059027778;0.0
192016;AGENCIA MINKA;0;0.0;0.0;0.0;0.0;8.0;10081.33;0.0;0.0;22.0;1458.0;0.0;0.0;0.0;0.0;0.0;0.0;2.0;0.0;0.0;0.0;0.0;0.0;0.0;0.0;0.0;0.0;0.0;0.0;0.0;0.0;0.0;0.0;0.0;0.0;0.0;0.0;7373.0;0.057619048;1.0
193001;AG.CC SAN BORJA;0;0.0;0.0;0.0;0.0;3.0;385.3;0.0;0.0;7.0;2110.0;0.0;0.0;0.0;0.0;0.0;0.0;0.0;0.0;0.0;0.0;0.0;0.0;0.0;0.0;0.0;0.0;0.0;0.0;0.0;0.0;0.0;0.0;26.0;0.0;0.0;0.0;8775.0;0.051503759;0.0
193020;AG. ANGAMOS;0;0.0;0.0;0.0;0.0;2.0;70.0;0.0;0.0;7.0;640.0;0.0;0.0;4.0;0.0;0.0;0.0;0.0;0.0;0.0;0.0;0.0;0.0;0.0;0.0;0.0;0.0;0.0;0.0;0.0;0.0;0.0;0.0;12.0;0.0;0.0;0.0;6212.0;0.071428571;0.0
193038;AG.LOS DAMASCOS;0;0.0;0.0;0.0;0.0;5.0;2020.0;0.0;0.0;26.0;3030.0;0.0;0.0;0.0;0.0;0.0;0.0;1.0;0.0;0.0;0.0;0.0;0.0;0.0;0.0;0.0;0.0;0.0;0.0;0.0;0.0;0.0;0.0;17.0;0.0;0.0;0.0;6931.0;0.052139037;0.0
193045;AG.LA PLANICIE;0;0.0;0.0;0.0;0.0;0.0;0.0;0.0;0.0;6.0;700.0;0.0;0.0;0.0;0.0;0.0;0.0;1.0;0.0;0.0;0.0;0.0;0.0;0.0;0.0;0.0;0.0;0.0;0.0;0.0;0.0;0.0;0.0;17.0;0.0;0.0;0.0;4354.0;0.164583333;0.0
193054;AG.LA FONTANA;0;0.0;0.0;0.0;0.0;13.0;4095.0;0.0;0.0;7.0;11120.0;0.0;0.0;0.0;0.0;0.0;0.0;1.0;0.0;0.0;0.0;0.0;0.0;0.0;0.0;0.0;0.0;0.0;0.0;0.0;0.0;0.0;2.0;40.0;0.0;0.0;0.0;4920.0;0.066666667;1.0
193056;AG. JUAN DE ALIAGA;0;0.0;0.0;0.0;0.0;7.0;2990.0;0.0;0.0;4.0;240.0;0.0;0.0;0.0;0.0;0.0;0.0;0.0;0.0;0.0;0.0;0.0;0.0;0.0;0.0;0.0;0.0;0.0;0.0;0.0;0.0;0.0;0.0;8.0;0.0;0.0;0.0;5858.0;0.095117845;0.0
193064;AG. DEL AIRE;0;0.0;0.0;0.0;0.0;2.0;140.0;0.0;0.0;12.0;1950.0;0.0;0.0;4.0;0.0;0.0;0.0;2.0;0.0;0.0;0.0;0.0;0.0;0.0;0.0;0.0;0.0;0.0;0.0;0.0;1.0;0.01;0.0;4.0;4.0;0.0;0.0;5666.0;0.08675213700000001;0.0
193085;AG. JORGE BASADRE;0;0.0;0.0;0.0;0.0;3.0;3763.156;0.0;0.0;6.0;364.0;0.0;0.0;3.0;0.0;0.0;0.0;0.0;0.0;0.0;0.0;0.0;0.0;0.0;0.0;0.0;0.0;0.0;0.0;0.0;0.0;0.0;0.0;18.0;0.0;0.0;0.0;3091.0;0.0;0.0
194001;AG.CHORRILLOS;0;0.0;0.0;0.0;0.0;4.0;1660.0;0.0;0.0;13.0;1240.0;0.0;0.0;0.0;0.0;0.0;0.0;0.0;0.0;0.0;0.0;0.0;0.0;0.0;0.0;0.0;0.0;0.0;0.0;0.0;0.0;0.0;0.0;0.0;0.0;0.0;0.0;4328.0;0.0;0.0
194009;MIRAFLORES AG. SAN JUAN DE MIRAFLORES;0;0.0;0.0;321.333333;1.0;11.0;3070.0;0.0;0.0;7.0;390.0;0.0;0.0;0.0;0.0;0.0;0.0;0.0;0.0;0.0;0.0;0.0;0.0;0.0;0.0;0.0;0.0;0.0;0.0;0.0;0.0;0.0;1.0;27.0;2.0;0.0;0.0;9637.0;0.0;0.0
194051;AG. ATOCONGO OPEN PLAZA;0;0.0;0.0;0.0;0.0;0.0;0.0;0.0;0.0;4.0;350.0;0.0;0.0;0.0;0.0;0.0;0.0;0.0;0.0;0.0;0.0;0.0;0.0;0.0;0.0;0.0;0.0;0.0;0.0;0.0;0.0;0.0;0.0;18.0;15.0;0.0;0.0;1216.0;0.222222222;0.0
194069;AG. COMANDANTE ESPINAR II;0;0.0;0.0;0.0;0.0;5.0;2050.0;0.0;0.0;3.0;300.0;0.0;0.0;0.0;0.0;0.0;0.0;1.0;0.0;0.0;0.0;0.0;0.0;0.0;0.0;0.0;0.0;0.0;0.0;0.0;0.0;0.0;2.0;13.0;0.0;0.0;0.0;3974.0;0.115384615;0.0
194072;AG. MERCADERES;0;0.0;0.0;0.0;0.0;11.0;3820.43;0.0;0.0;14.0;9500.0;0.0;0.0;9.0;0.0;0.0;0.0;0.0;0.0;0.0;0.0;0.0;0.0;0.0;0.0;0.0;0.0;0.0;0.0;0.0;0.0;0.0;1.0;7.0;0.0;0.0;0.0;10278.0;0.087419872;3.0
194073;AG. OVALO HIGUERETA;0;0.0;0.0;0.0;0.0;8.0;2716.0;0.0;0.0;4.0;710.0;0.0;0.0;5.0;0.0;0.0;0.0;1.0;0.0;0.0;0.0;0.0;0.0;0.0;0.0;0.0;0.0;0.0;0.0;0.0;0.0;0.0;0.0;3.0;0.0;0.0;0.0;5667.0;0.083333333;1.0
194082;AG.CENTRO EMPRESARIAL HIGUERETA;0;0.0;0.0;0.0;0.0;5.0;1538.0;0.0;0.0;8.0;4880.0;0.0;0.0;0.0;0.0;0.0;0.0;2.0;0.0;0.0;0.0;0.0;0.0;0.0;0.0;0.0;0.0;0.0;0.0;0.0;0.0;0.0;1.0;36.0;0.0;0.0;0.0;6307.0;0.0;0.0
194094;AG. SALVADOR ALLENDE;0;0.0;0.0;0.0;0.0;9.0;1251.98;0.0;0.0;9.0;1940.0;0.0;0.0;0.0;0.0;0.0;0.0;2.0;0.0;0.0;0.0;0.0;0.0;0.0;0.0;0.0;0.0;0.0;0.0;0.0;0.0;0.0;0.0;0.0;0.0;0.0;0.0;2295.0;0.083333333;0.0
194097;AG. MATELLINI;0;0.0;0.0;0.0;0.0;10.0;1730.0;0.0;0.0;11.0;1340.0;0.0;0.0;0.0;0.0;0.0;0.0;0.0;0.0;0.0;0.0;0.0;0.0;0.0;0.0;0.0;0.0;0.0;0.0;0.0;0.0;0.0;1.0;9.0;6.0;0.0;0.0;5788.0;0.076923077;0.0
215000;AREQUIPA BCA SERV;0;0.0;0.0;406.0;242.0;68.0;9685.6;0.0;0.0;127.0;631780.86;0.0;0.0;4.0;0.0;0.0;0.0;4.0;0.0;0.0;0.0;0.0;0.0;0.0;0.0;0.0;0.0;0.0;0.0;0.0;0.0;0.0;1.0;18.0;0.0;0.0;0.0;16814.0;0.031746032;0.0
215014;AG. MARIANO MELGAR;0;0.0;0.0;0.0;0.0;0.0;0.0;0.0;0.0;10.0;2970.0;0.0;0.0;0.0;0.0;0.0;0.0;3.0;0.0;0.0;0.0;0.0;0.0;0.0;0.0;0.0;0.0;0.0;0.0;0.0;0.0;0.0;0.0;0.0;0.0;0.0;0.0;1245.0;0.101010101;0.0
215015;AG. SIGLO XX;0;0.0;0.0;0.0;0.0;7.0;2788.0;0.0;0.0;11.0;1110.0;0.0;0.0;0.0;0.0;0.0;0.0;0.0;0.0;0.0;0.0;0.0;0.0;0.0;0.0;0.0;0.0;0.0;0.0;0.0;0.0;0.0;0.0;4.0;0.0;0.0;0.0;10798.0;0.074861326;0.0
305000;AG. CHICLAYO BCA SERV.;0;0.0;0.0;442.771428;47.0;101.0;11627.3396;0.0;0.0;228.0;43939.5;0.0;0.0;4.0;0.0;0.0;0.0;1.0;0.0;0.0;0.0;0.0;0.0;0.0;0.0;0.0;0.0;0.0;0.0;0.0;9.0;17984110.3;0.0;0.0;0.0;0.0;0.0;8191.0;0.02144405;1.0
310000;AG. CHIMBOTE BCA SERV.;0;0.0;317.75;355.0;170.0;58.0;6639.2048;0.0;0.0;142.0;3821.0;0.0;0.0;0.0;0.0;0.0;0.0;0.0;0.0;0.0;0.0;0.0;0.0;0.0;0.0;0.0;0.0;0.0;0.0;0.0;22.0;9936570.0;2.0;15.0;0.0;0.0;0.0;8022.0;0.054135789;1.0
315001;AG. EL CARMEN;0;0.0;0.0;0.0;0.0;9.0;2160.41;0.0;0.0;14.0;660.0;0.0;0.0;0.0;0.0;0.0;0.0;1.0;0.0;0.0;0.0;0.0;0.0;0.0;0.0;0.0;0.0;0.0;0.0;0.0;0.0;0.0;0.0;11.0;0.0;0.0;0.0;4501.0;0.111111111;0.0
318000;AG. CHOTA BANCA DE SERVICIO;0;0.0;1500.0;200.0;1.0;0.0;0.0;0.0;0.0;2.0;200.0;0.0;0.0;0.0;0.0;0.0;0.0;0.0;0.0;0.0;0.0;0.0;0.0;0.0;0.0;0.0;0.0;0.0;0.0;0.0;0.0;0.0;0.0;27.0;0.0;0.0;0.0;1379.0;0.0;0.0
335000;AG. HUACHO BAC SERV.;0;0.0;0.0;214.746;0.0;82.0;9014.4;0.0;0.0;44.0;8012.9;0.0;0.0;2.0;0.0;0.0;0.0;1.0;0.0;0.0;0.0;0.0;0.0;0.0;0.0;0.0;0.0;0.0;0.0;0.0;0.0;0.0;1.0;25.0;0.0;0.0;0.0;9795.0;0.054320871;2.0
405003;AG. SAN ROMAN;0;0.0;0.0;0.0;0.0;1.0;796.77;0.0;0.0;16.0;473.7;0.0;0.0;0.0;0.0;0.0;0.0;0.0;0.0;0.0;0.0;0.0;0.0;0.0;0.0;0.0;0.0;0.0;0.0;0.0;0.0;0.0;0.0;15.0;12.0;0.0;0.0;5892.0;0.078129117;0.0
410000;AG. LA MERCED BCA SERV.;0;0.0;1087.1775;289.966666;5.0;12.0;3240.0;0.0;0.0;26.0;943.0;0.0;0.0;0.0;0.0;0.0;0.0;1.0;0.0;0.0;0.0;0.0;0.0;0.0;0.0;0.0;0.0;0.0;0.0;0.0;0.0;0.0;0.0;2.0;0.0;0.0;0.0;5463.0;0.11993007;0.0
415000;AG. LAMBAYEQUE;0;0.0;1600.0;150.0;2.0;3.0;402.9;0.0;0.0;7.0;615.0;0.0;0.0;0.0;0.0;0.0;0.0;0.0;0.0;0.0;0.0;0.0;0.0;0.0;0.0;0.0;0.0;0.0;0.0;0.0;0.0;0.0;0.0;3.0;16.0;0.0;0.0;4886.0;0.064583333;0.0
440000;AG. NAZCA BCA SERV.;0;0.0;0.0;500.0;4.0;3.0;130.0;0.0;0.0;5.0;420.0;0.0;0.0;0.0;0.0;0.0;0.0;0.0;0.0;0.0;0.0;0.0;0.0;0.0;0.0;0.0;0.0;0.0;0.0;0.0;0.0;0.0;2.0;0.0;7.0;0.0;0.0;5158.0;0.048926293;1.0
475001;AG. GRAU;0;0.0;0.0;0.0;0.0;7.0;2230.0;0.0;0.0;14.0;1404.0;0.0;0.0;0.0;0.0;0.0;0.0;6.0;0.0;0.0;0.0;0.0;0.0;0.0;0.0;0.0;0.0;0.0;0.0;0.0;0.0;0.0;0.0;0.0;24.0;0.0;0.0;10411.0;0.057142857;1.0
475006;AG. OPEN PLAZA PIURA;0;0.0;2180.0;0.0;9.0;7.0;2470.0;0.0;0.0;16.0;6930.0;0.0;0.0;0.0;0.0;0.0;0.0;1.0;0.0;0.0;0.0;0.0;0.0;0.0;0.0;0.0;0.0;0.0;0.0;0.0;0.0;0.0;0.0;0.0;0.0;0.0;0.0;4200.0;0.058823529;0.0
475010;AG. CHULUCANAS;0;0.0;0.0;0.0;0.0;1.0;800.0;0.0;0.0;8.0;1200.0;0.0;0.0;0.0;0.0;0.0;0.0;1.0;0.0;0.0;0.0;0.0;0.0;0.0;0.0;0.0;0.0;0.0;0.0;0.0;0.0;0.0;0.0;0.0;0.0;0.0;0.0;9451.0;0.0;1.0
513000;AG. SAN J MARCONA B SE;0;0.0;0.0;0.0;3.0;2.0;1050.0;0.0;0.0;2.0;150.0;0.0;0.0;0.0;0.0;0.0;0.0;0.0;0.0;0.0;0.0;0.0;0.0;0.0;0.0;0.0;0.0;0.0;0.0;0.0;0.0;0.0;0.0;15.0;0.0;0.0;0.0;2792.0;0.0;0.0
550001;AG. ALCIDES CARRION;0;0.0;0.0;0.0;0.0;6.0;4792.99;0.0;0.0;9.0;700.0;0.0;0.0;2.0;0.0;0.0;0.0;1.0;0.0;0.0;0.0;0.0;0.0;0.0;0.0;0.0;0.0;0.0;0.0;0.0;0.0;0.0;0.0;14.0;0.0;0.0;0.0;2404.0;0.083333333;1.0
555000;AG. TARMA BCA SERV.;0;0.0;0.0;100.0;2.0;1.0;100.0;0.0;0.0;9.0;1411.0;0.0;0.0;0.0;0.0;0.0;0.0;1.0;0.0;0.0;0.0;0.0;0.0;0.0;0.0;0.0;0.0;0.0;0.0;0.0;0.0;0.0;0.0;8.0;10.0;0.0;0.0;6441.0;0.076923077;1.0
560000;TINGO MARIA BANCA DE SERVICIO;0;0.0;0.0;0.0;5.0;14.0;4493.0;0.0;0.0;11.0;406.0;0.0;0.0;0.0;0.0;0.0;0.0;0.0;0.0;0.0;0.0;0.0;0.0;0.0;0.0;0.0;0.0;0.0;0.0;0.0;0.0;0.0;0.0;11.0;0.0;0.0;0.0;5114.0;0.09121732;1.0
570000;AG. TRUJILLO BCA SERV.;0;0.0;95.0;300.0;14.0;825.0;69340.4898;0.0;0.0;162.0;13939.7;0.0;0.0;3.0;0.0;0.0;0.0;1.0;0.0;0.0;0.0;0.0;0.0;0.0;0.0;0.0;0.0;0.0;0.0;0.0;26.0;28034822.4;0.0;28.0;10.0;0.0;0.0;13494.0;0.027689716;0.0
570012;AG. TRUJILLO OPEN PLAZA;0;0.0;0.0;983.333333;7.0;54.0;6344.62;0.0;0.0;16.0;4874.0;0.0;0.0;0.0;0.0;0.0;0.0;3.0;0.0;0.0;0.0;0.0;0.0;0.0;0.0;0.0;0.0;0.0;0.0;0.0;0.0;0.0;0.0;5.0;0.0;0.0;0.0;6358.0;0.041666667;0.0
575000;TUMBES BANCA DE SERVICIO;0;0.0;750.0;1800.0;1.0;17.0;4422.0;0.0;0.0;22.0;2060.0;0.0;0.0;2.0;0.0;0.0;0.0;0.0;0.0;0.0;0.0;0.0;0.0;0.0;0.0;0.0;0.0;0.0;0.0;0.0;2.0;4875880.0;0.0;4.0;0.0;0.0;0.0;4583.0;0.033333333;3.0
191002;AG.MERCADO CENTRAL;0;0.0;0.0;0.0;0.0;22.0;7024.62;0.0;0.0;14.0;9034.0;0.0;0.0;0.0;0.0;0.0;0.0;2.0;0.0;0.0;0.0;0.0;0.0;0.0;0.0;0.0;0.0;0.0;0.0;0.0;0.0;0.0;0.0;3.0;0.0;0.0;0.0;6441.0;0.058823529;2.0
191004;AG.PLAZA SAN MARTIN;0;0.0;0.0;0.0;0.0;2.0;200.0;0.0;0.0;6.0;628.1;0.0;0.0;0.0;0.0;0.0;0.0;1.0;0.0;0.0;0.0;0.0;0.0;0.0;0.0;0.0;0.0;0.0;0.0;0.0;0.0;0.0;0.0;0.0;0.0;0.0;0.0;5308.0;0.080882353;0.0
191005;AG.GRAU;0;0.0;0.0;0.0;0.0;14.0;3793.28;0.0;0.0;16.0;5790.0;0.0;0.0;4.0;0.0;0.0;0.0;1.0;0.0;0.0;0.0;0.0;0.0;0.0;0.0;0.0;0.0;0.0;0.0;0.0;0.0;0.0;0.0;32.0;0.0;0.0;0.0;7539.0;0.057734205;1.0
191006;AG. AV.AVIACION;0;0.0;0.0;0.0;0.0;13.0;10057.33;0.0;0.0;14.0;1280.0;0.0;0.0;0.0;0.0;0.0;0.0;1.0;0.0;0.0;0.0;0.0;0.0;0.0;0.0;0.0;0.0;0.0;0.0;0.0;0.0;0.0;0.0;28.0;0.0;0.0;0.0;4321.0;0.086111111;0.0
191023;AG.HABICH;0;0.0;0.0;0.0;0.0;6.0;935.5;0.0;0.0;13.0;1120.0;0.0;0.0;6.0;0.0;0.0;0.0;0.0;0.0;0.0;0.0;0.0;0.0;0.0;0.0;0.0;0.0;0.0;0.0;0.0;0.0;0.0;0.0;10.0;30.0;0.0;0.0;5670.0;0.065277778;0.0
191033;AG. PARQUE CANEPA;0;0.0;0.0;0.0;0.0;5.0;1849.11;0.0;0.0;4.0;250.0;0.0;0.0;0.0;0.0;0.0;0.0;1.0;0.0;0.0;0.0;0.0;0.0;0.0;0.0;0.0;0.0;0.0;0.0;0.0;0.0;0.0;0.0;20.0;8.0;0.0;0.0;6360.0;0.069047619;0.0
191035;AG.PUENTE PIEDRA;0;0.0;0.0;0.0;0.0;8.0;2130.0;0.0;0.0;16.0;9220.0;0.0;0.0;0.0;0.0;0.0;0.0;2.0;0.0;0.0;0.0;0.0;0.0;0.0;0.0;0.0;0.0;0.0;0.0;0.0;0.0;0.0;0.0;4.0;0.0;0.0;0.0;2805.0;0.055555556;0.0
191041;AG.EL AGUSTINO;0;0.0;0.0;0.0;0.0;11.0;5720.0;0.0;0.0;24.0;9970.0;0.0;0.0;0.0;0.0;0.0;0.0;3.0;0.0;0.0;0.0;0.0;0.0;0.0;0.0;0.0;0.0;0.0;0.0;0.0;0.0;0.0;0.0;8.0;6.0;0.0;0.0;6563.0;0.069047619;0.0
191072;AG. MEXICO;0;0.0;0.0;0.0;0.0;6.0;2783.32;0.0;0.0;10.0;2620.0;0.0;0.0;0.0;0.0;0.0;0.0;0.0;0.0;0.0;0.0;0.0;0.0;0.0;0.0;0.0;0.0;0.0;0.0;0.0;0.0;0.0;0.0;7.0;0.0;0.0;0.0;10207.0;0.075091575;0.0
191078;AG.MENDIOLA;0;0.0;0.0;0.0;0.0;5.0;2870.0;0.0;0.0;15.0;1540.0;0.0;0.0;0.0;0.0;0.0;0.0;2.0;0.0;0.0;0.0;0.0;0.0;0.0;0.0;0.0;0.0;0.0;0.0;0.0;0.0;0.0;0.0;2.0;0.0;0.0;0.0;6590.0;0.077380952;0.0
191108;MALL AVENTURA SJL;0;0.0;0.0;0.0;0.0;11.0;4103.15;0.0;0.0;7.0;2260.0;0.0;0.0;4.0;0.0;0.0;0.0;1.0;0.0;0.0;0.0;0.0;0.0;0.0;0.0;0.0;0.0;0.0;0.0;0.0;12.0;19806363.0;0.0;0.0;0.0;0.0;0.0;3234.0;0.067857143;0.0
191142;AG. MUNICIPALIDAD INDEPENDENCIA;0;0.0;0.0;0.0;0.0;9.0;3346.1;0.0;0.0;1.0;150.0;0.0;0.0;0.0;0.0;0.0;0.0;3.0;0.0;0.0;0.0;0.0;0.0;0.0;0.0;0.0;0.0;0.0;0.0;0.0;0.0;0.0;0.0;14.0;0.0;0.0;0.0;3042.0;0.05;1.0
192003;AG.LA PUNTA;0;0.0;0.0;0.0;0.0;3.0;3644.0;0.0;0.0;6.0;500.0;0.0;0.0;0.0;0.0;0.0;0.0;0.0;0.0;0.0;0.0;0.0;0.0;0.0;0.0;0.0;0.0;0.0;0.0;0.0;0.0;0.0;0.0;6.0;5.0;0.0;0.0;8156.0;0.133333333;0.0
192022;AG.CANTOLAO;0;0.0;0.0;0.0;0.0;7.0;4114.0;0.0;0.0;13.0;6630.0;0.0;0.0;0.0;0.0;0.0;0.0;1.0;0.0;0.0;0.0;0.0;0.0;0.0;0.0;0.0;0.0;0.0;0.0;0.0;0.0;0.0;0.0;0.0;0.0;0.0;0.0;6948.0;0.118055556;0.0
192029;AG.CANTA CALLAO OPEN PLZ.;0;0.0;619.84;340.0;2.0;6.0;1726.4;0.0;0.0;24.0;25725.0;0.0;0.0;0.0;0.0;0.0;0.0;1.0;0.0;0.0;0.0;0.0;0.0;0.0;0.0;0.0;0.0;0.0;0.0;0.0;0.0;0.0;0.0;26.0;2.0;0.0;0.0;7485.0;0.063815789;0.0
193000;SAN ISIDRO BANCA DE SERVICIO;0;0.0;0.0;368.21;6.0;28.0;44748.88;0.0;0.0;26.0;7520.0;0.0;0.0;3.0;0.0;0.0;0.0;0.0;0.0;0.0;0.0;0.0;0.0;0.0;0.0;0.0;0.0;0.0;0.0;0.0;1060.0;2929023427.0;0.0;10.0;0.0;0.0;0.0;8271.0;0.025214393;2.0
193000;SAN ISIDRO CAJA TP;0;0.0;0.0;368.21;6.0;28.0;44748.88;0.0;0.0;26.0;7520.0;0.0;0.0;3.0;0.0;0.0;0.0;0.0;0.0;0.0;0.0;0.0;0.0;0.0;0.0;0.0;0.0;0.0;0.0;0.0;1060.0;2929023427.0;0.0;10.0;0.0;0.0;0.0;8271.0;0.025214393;2.0
193011;AG. JOCKEY PLAZA;0;0.0;0.0;0.0;0.0;4.0;910.0;0.0;0.0;22.0;4590.0;0.0;0.0;5.0;0.0;0.0;0.0;1.0;0.0;0.0;0.0;0.0;0.0;0.0;0.0;0.0;0.0;0.0;0.0;0.0;0.0;0.0;0.0;85.0;0.0;0.0;0.0;8025.0;0.057195826;0.0
193055;AG. LOS ROBLES;0;0.0;0.0;0.0;0.0;3.0;760.46;0.0;0.0;0.0;0.0;0.0;0.0;3.0;0.0;0.0;0.0;0.0;0.0;0.0;0.0;0.0;0.0;0.0;0.0;0.0;0.0;0.0;0.0;0.0;0.0;0.0;0.0;2.0;0.0;0.0;0.0;5799.0;0.0;0.0
193057;AG.REAL PLAZA SALAVERRY;0;0.0;0.0;0.0;0.0;8.0;1600.0;0.0;0.0;4.0;220.0;0.0;0.0;2.0;0.0;0.0;0.0;0.0;0.0;0.0;0.0;0.0;0.0;0.0;0.0;0.0;0.0;0.0;0.0;0.0;0.0;0.0;0.0;32.0;0.0;0.0;0.0;2624.0;0.095454545;0.0
193065;AG.PETIT THOUARS;0;0.0;0.0;0.0;0.0;4.0;811.02;0.0;0.0;4.0;280.0;0.0;0.0;0.0;0.0;0.0;0.0;1.0;0.0;0.0;0.0;0.0;0.0;0.0;0.0;0.0;0.0;0.0;0.0;0.0;0.0;0.0;0.0;18.0;0.0;0.0;0.0;2665.0;0.084166667;0.0
193067;AG. SAN BORJA SUR;0;0.0;0.0;0.0;0.0;3.0;1020.0;0.0;0.0;2.0;220.0;0.0;0.0;2.0;0.0;0.0;0.0;0.0;0.0;0.0;0.0;0.0;0.0;0.0;0.0;0.0;0.0;0.0;0.0;0.0;0.0;0.0;0.0;18.0;0.0;0.0;0.0;1682.0;0.083333333;0.0
193070;AG.SAN LUIS;0;0.0;0.0;0.0;0.0;7.0;2570.0;0.0;0.0;5.0;590.0;0.0;0.0;0.0;0.0;0.0;0.0;2.0;0.0;0.0;0.0;0.0;0.0;0.0;0.0;0.0;0.0;0.0;0.0;0.0;0.0;0.0;0.0;2.0;1.0;0.0;0.0;5890.0;0.0;1.0
194000;MIRAFLORES BANCA DE SERVICIO;0;0.0;0.0;266.445;138.0;1199.0;139004.44;0.0;0.0;2360.0;11334238.8;0.0;0.0;9.0;0.0;0.0;0.0;19.0;0.0;0.0;0.0;0.0;0.0;0.0;0.0;0.0;0.0;0.0;0.0;0.0;1068.0;3100428835.0;1.0;13.0;0.0;0.0;0.0;19642.0;0.02907606;0.0
194000;MIRAFLORES CAJA TP;0;0.0;0.0;266.445;138.0;1199.0;139004.44;0.0;0.0;2360.0;11334238.8;0.0;0.0;9.0;0.0;0.0;0.0;19.0;0.0;0.0;0.0;0.0;0.0;0.0;0.0;0.0;0.0;0.0;0.0;0.0;1068.0;3100428835.0;1.0;13.0;0.0;0.0;0.0;19642.0;0.02907606;0.0
194015;AG. RICARDO PALMA;0;0.0;0.0;0.0;0.0;6.0;1340.0;0.0;0.0;3.0;500.0;0.0;0.0;2.0;0.0;0.0;0.0;2.0;0.0;0.0;0.0;0.0;0.0;0.0;0.0;0.0;0.0;0.0;0.0;0.0;0.0;0.0;1.0;14.0;5.0;0.0;0.0;7936.0;0.0;0.0
194037;AG. CAMINOS DEL INCA;0;0.0;0.0;0.0;0.0;7.0;1502.0;0.0;0.0;5.0;700.0;0.0;0.0;0.0;0.0;0.0;0.0;3.0;0.0;0.0;0.0;0.0;0.0;0.0;0.0;0.0;0.0;0.0;0.0;0.0;0.0;0.0;1.0;1.0;3.0;0.0;0.0;7470.0;0.0625;0.0
194038;AG. ASIA;0;0.0;0.0;0.0;0.0;3.0;435.0;0.0;0.0;0.0;0.0;0.0;0.0;0.0;0.0;0.0;0.0;0.0;0.0;0.0;0.0;0.0;0.0;0.0;0.0;0.0;0.0;0.0;0.0;0.0;0.0;0.0;0.0;0.0;10.0;0.0;0.0;0.0;0.0;0.0
194058;AG. STRIP CENTER ALAMEDA SUR;0;0.0;0.0;0.0;0.0;4.0;1670.0;0.0;0.0;11.0;8950.0;0.0;0.0;0.0;0.0;0.0;0.0;1.0;0.0;0.0;0.0;0.0;0.0;0.0;0.0;0.0;0.0;0.0;0.0;0.0;0.0;0.0;0.0;4.0;8.0;0.0;0.0;3536.0;0.153846154;0.0
194063;AG. CASTRO IGLESIAS;0;0.0;0.0;0.0;0.0;7.0;2311.2;0.0;0.0;14.0;2325.0;0.0;0.0;0.0;0.0;0.0;0.0;0.0;0.0;0.0;0.0;0.0;0.0;0.0;0.0;0.0;0.0;0.0;0.0;0.0;0.0;0.0;1.0;5.0;0.0;0.0;0.0;4279.0;0.076923077;0.0
215002;AG. CAYMA;0;0.0;0.0;0.0;0.0;5.0;1049.99;0.0;0.0;31.0;3495.0;0.0;0.0;0.0;0.0;0.0;0.0;1.0;0.0;0.0;0.0;0.0;0.0;0.0;0.0;0.0;0.0;0.0;0.0;0.0;0.0;0.0;0.0;30.0;8.0;0.0;0.0;13759.0;0.033712121;0.0
215006;AG. SAN CAMILO;0;0.0;0.0;0.0;0.0;6.0;3160.0;0.0;0.0;20.0;7180.0;0.0;0.0;0.0;0.0;0.0;0.0;1.0;0.0;0.0;0.0;0.0;0.0;0.0;0.0;0.0;0.0;0.0;0.0;0.0;0.0;0.0;0.0;11.0;0.0;0.0;0.0;3082.0;0.061580882;0.0
215009;AG. UMACOLLO;0;0.0;0.0;0.0;0.0;9.0;2900.34;0.0;0.0;11.0;3460.0;0.0;0.0;0.0;0.0;0.0;0.0;3.0;0.0;0.0;0.0;0.0;0.0;0.0;0.0;0.0;0.0;0.0;0.0;0.0;0.0;0.0;0.0;13.0;0.0;0.0;0.0;2850.0;0.05664488;0.0
235000;AG. BARRANCA B SERV.;0;0.0;0.0;3204.5;2.0;9.0;4530.0;0.0;0.0;13.0;1200.0;0.0;0.0;0.0;0.0;0.0;0.0;1.0;0.0;0.0;0.0;0.0;0.0;0.0;0.0;0.0;0.0;0.0;0.0;0.0;0.0;0.0;0.0;25.0;0.0;0.0;0.0;5611.0;0.085870313;0.0
255001;AG. IMPERIAL;0;0.0;0.0;0.0;0.0;10.0;4620.0;0.0;0.0;3.0;190.0;0.0;0.0;0.0;0.0;0.0;0.0;0.0;0.0;0.0;0.0;0.0;0.0;0.0;0.0;0.0;0.0;0.0;0.0;0.0;0.0;0.0;0.0;33.0;0.0;0.0;0.0;2031.0;0.080128205;0.0
260000;AG. CARAZ BCA SERV;0;0.0;300.0;0.0;1.0;8.0;2810.0;0.0;0.0;2.0;196.0;0.0;0.0;3.0;0.0;0.0;0.0;0.0;0.0;0.0;0.0;0.0;0.0;0.0;0.0;0.0;0.0;0.0;0.0;0.0;0.0;0.0;0.0;16.0;0.0;0.0;0.0;5344.0;0.111111111;0.0
265000;AG. CASMA BCA SERV;0;0.0;1550.0;0.0;3.0;0.0;0.0;0.0;0.0;0.0;0.0;0.0;0.0;0.0;0.0;0.0;0.0;0.0;0.0;0.0;0.0;0.0;0.0;0.0;0.0;0.0;0.0;0.0;0.0;0.0;0.0;0.0;0.0;18.0;0.0;0.0;0.0;3580.0;0.090909091;0.0
285000;AG. CUSCO BCA SERV;0;0.0;800.0;136.615555;0.0;303.0;33344.9794;0.0;0.0;412.0;27555.3;0.0;0.0;7.0;0.0;0.0;0.0;5.0;0.0;0.0;0.0;0.0;0.0;0.0;0.0;0.0;0.0;0.0;0.0;0.0;59.0;61147556.9;1.0;11.0;0.0;0.0;0.0;4693.0;0.035559947;0.0
285005;AG. LARAPA;0;0.0;0.0;0.0;0.0;4.0;1480.0;0.0;0.0;7.0;1241.0;0.0;0.0;0.0;0.0;0.0;0.0;3.0;0.0;0.0;0.0;0.0;0.0;0.0;0.0;0.0;0.0;0.0;0.0;0.0;0.0;0.0;1.0;4.0;0.0;0.0;0.0;3534.0;0.07047619;2.0
285007;AG. MONEY AND TOURIST SERVICE;0;0.0;0.0;0.0;0.0;4.0;400.0;0.0;0.0;0.0;0.0;0.0;0.0;0.0;0.0;0.0;0.0;8.0;0.0;0.0;0.0;0.0;0.0;0.0;0.0;0.0;0.0;0.0;0.0;0.0;0.0;0.0;0.0;0.0;0.0;0.0;0.0;742.0;0.0;0.0
285008;AG. HUAYRUROPATA;0;0.0;0.0;0.0;0.0;13.0;3273.5;0.0;0.0;3.0;400.0;0.0;0.0;0.0;0.0;0.0;0.0;2.0;0.0;0.0;0.0;0.0;0.0;0.0;0.0;0.0;0.0;0.0;0.0;0.0;0.0;0.0;0.0;26.0;0.0;0.0;0.0;5160.0;0.090909091;0.0
290000;CHACHAPOYAS BANCA DE SERVICIO;0;0.0;0.0;1000.0;0.0;2.0;482.0;0.0;0.0;9.0;2257.0;0.0;0.0;3.0;0.0;0.0;0.0;0.0;0.0;0.0;0.0;0.0;0.0;0.0;0.0;0.0;0.0;0.0;0.0;0.0;0.0;0.0;0.0;15.0;0.0;0.0;0.0;2669.0;0.085699023;0.0
300000;CHEPEN BANCA DE SERVICIO;0;0.0;0.0;150.0;0.0;5.0;1920.0;0.0;0.0;7.0;3570.0;0.0;0.0;0.0;0.0;0.0;0.0;0.0;0.0;0.0;0.0;0.0;0.0;0.0;0.0;0.0;0.0;0.0;0.0;0.0;0.0;0.0;0.0;0.0;0.0;0.0;0.0;10065.0;0.058823529;0.0
305001;AG. PEDRO RUIZ;0;0.0;0.0;0.0;0.0;11.0;3925.0;0.0;0.0;14.0;11695.0;0.0;0.0;0.0;0.0;0.0;0.0;2.0;0.0;0.0;0.0;0.0;0.0;0.0;0.0;0.0;0.0;0.0;0.0;0.0;0.0;0.0;0.0;0.0;0.0;0.0;0.0;9322.0;0.042572464;1.0
305008;AG. QUIÃ‘ONES;0;0.0;0.0;0.0;0.0;3.0;1195.93;0.0;0.0;8.0;710.0;0.0;0.0;8.0;0.0;0.0;0.0;0.0;0.0;0.0;0.0;0.0;0.0;0.0;0.0;0.0;0.0;0.0;0.0;0.0;0.0;0.0;0.0;32.0;72.0;0.0;0.0;4655.0;0.057734205;0.0
355002;AG. CONSTITUCION;0;0.0;0.0;0.0;0.0;10.0;13052.15;0.0;0.0;14.0;2185.0;0.0;0.0;0.0;0.0;0.0;0.0;1.0;0.0;0.0;0.0;0.0;0.0;0.0;0.0;0.0;0.0;0.0;0.0;0.0;0.0;0.0;0.0;0.0;0.0;0.0;0.0;4827.0;0.050877193;0.0
355004;AG. SAN CARLOS;0;0.0;0.0;0.0;0.0;4.0;690.0;0.0;0.0;13.0;790.0;0.0;0.0;0.0;0.0;0.0;0.0;1.0;0.0;0.0;0.0;0.0;0.0;0.0;0.0;0.0;0.0;0.0;0.0;0.0;0.0;0.0;0.0;43.0;29.0;0.0;0.0;6743.0;0.11029711;0.0
365000;AG. HUANUCO BANCA DE SERVICIO;0;0.0;400.0;511.0;7.0;246.0;12911.69;0.0;0.0;98.0;7752.9;0.0;0.0;1.0;0.0;0.0;0.0;0.0;0.0;0.0;0.0;0.0;0.0;0.0;0.0;0.0;0.0;0.0;0.0;0.0;5.0;4063000.0;0.0;14.0;0.0;0.0;0.0;2621.0;0.037488426;0.0
365002;AG. REAL PLAZA HUANUCO;0;0.0;0.0;200.0;1.0;4.0;2750.0;0.0;0.0;12.0;1350.5;0.0;0.0;0.0;0.0;0.0;0.0;0.0;0.0;0.0;0.0;0.0;0.0;0.0;0.0;0.0;0.0;0.0;0.0;0.0;0.0;0.0;0.0;15.0;0.0;0.0;0.0;5626.0;0.166666667;2.0
365002;AG. REAL PLAZA HUANUCO;0;0.0;0.0;200.0;1.0;4.0;2750.0;0.0;0.0;12.0;1350.5;0.0;0.0;0.0;0.0;0.0;0.0;0.0;0.0;0.0;0.0;0.0;0.0;0.0;0.0;0.0;0.0;0.0;0.0;0.0;0.0;0.0;0.0;15.0;0.0;0.0;0.0;5626.0;0.166666667;1.0
370000;AG. HUARAL BCA SERV.;0;0.0;2600.0;0.0;2.0;4.0;1702.16;0.0;0.0;8.0;760.0;0.0;0.0;0.0;0.0;0.0;0.0;0.0;0.0;0.0;0.0;0.0;0.0;0.0;0.0;0.0;0.0;0.0;0.0;0.0;0.0;0.0;0.0;3.0;6.0;0.0;0.0;3742.0;0.071428571;1.0
375002;AG. ANTONIO RAIMONDI;0;0.0;0.0;0.0;0.0;5.0;614.62;0.0;0.0;8.0;1348.0;0.0;0.0;0.0;0.0;0.0;0.0;1.0;0.0;0.0;0.0;0.0;0.0;0.0;0.0;0.0;0.0;0.0;0.0;0.0;0.0;0.0;0.0;18.0;0.0;0.0;0.0;9009.0;0.090909091;0.0
380004;AG. LUREN;0;0.0;0.0;0.0;0.0;9.0;5959.69;0.0;0.0;14.0;5550.0;0.0;0.0;0.0;0.0;0.0;0.0;1.0;0.0;0.0;0.0;0.0;0.0;0.0;0.0;0.0;0.0;0.0;0.0;0.0;0.0;0.0;0.0;0.0;0.0;0.0;0.0;4299.0;0.089087302;1.0
385000;AG. ILO BANCA DE SERV.;0;0.0;0.0;250.0;0.0;7.0;6077.4856;0.0;0.0;3.0;220.0;0.0;0.0;0.0;0.0;0.0;0.0;1.0;0.0;0.0;0.0;0.0;0.0;0.0;0.0;0.0;0.0;0.0;0.0;0.0;0.0;0.0;0.0;0.0;0.0;0.0;0.0;6757.0;0.0;0.0
470000;AG. PISCO BCA SERV.;0;0.0;0.0;350.0;12.0;5.0;1470.0;0.0;0.0;43.0;895159.0;0.0;0.0;0.0;0.0;0.0;0.0;1.0;0.0;0.0;0.0;0.0;0.0;0.0;0.0;0.0;0.0;0.0;0.0;0.0;0.0;0.0;0.0;9.0;5.0;0.0;0.0;5387.0;0.034482759;1.0
475008;AG. SECHURA;0;0.0;0.0;0.0;0.0;2.0;250.0;0.0;0.0;2.0;200.0;0.0;0.0;3.0;0.0;0.0;0.0;0.0;0.0;0.0;0.0;0.0;0.0;0.0;0.0;0.0;0.0;0.0;0.0;0.0;0.0;0.0;0.0;3.0;0.0;0.0;0.0;2929.0;0.0;0.0
485000;AG. PTO MALDONADO BCA SERV.;0;0.0;0.0;176.8;0.0;10.0;4357.04;0.0;0.0;7.0;4980.0;0.0;0.0;0.0;0.0;0.0;0.0;2.0;0.0;0.0;0.0;0.0;0.0;0.0;0.0;0.0;0.0;0.0;0.0;0.0;2.0;15490000.0;0.0;38.0;0.0;0.0;0.0;3900.0;0.094444444;1.0
495000;AG. PUNO BANCA DE SERVICIO;0;0.0;0.0;490.0;1.0;7.0;13660.3542;0.0;0.0;28.0;858.0;0.0;0.0;0.0;0.0;0.0;0.0;1.0;0.0;0.0;0.0;0.0;0.0;0.0;0.0;0.0;0.0;0.0;0.0;0.0;0.0;0.0;0.0;36.0;34.0;0.0;0.0;6787.0;0.051102757;1.0
535000;AG. SULLANA BCA SERV.;0;0.0;1293.333333;2500.0;53.0;6.0;2390.0;0.0;0.0;9.0;725.0;0.0;0.0;0.0;0.0;0.0;0.0;0.0;0.0;0.0;0.0;0.0;0.0;0.0;0.0;0.0;0.0;0.0;0.0;0.0;0.0;0.0;0.0;14.0;6.0;0.0;0.0;4682.0;0.045660358;1.0
570007;AG. HUSARES DE JUNIN;0;0.0;0.0;0.0;0.0;3.0;1830.0;0.0;0.0;8.0;900.0;0.0;0.0;3.0;0.0;0.0;0.0;3.0;0.0;0.0;0.0;0.0;0.0;0.0;0.0;0.0;0.0;0.0;0.0;0.0;0.0;0.0;0.0;0.0;11.0;0.0;0.0;9365.0;0.043478261;0.0
570009;AG. MALL PLAZA TRUJILLO;0;0.0;0.0;300.0;0.0;8.0;2050.0;0.0;0.0;7.0;520.0;0.0;0.0;0.0;0.0;0.0;0.0;0.0;0.0;0.0;0.0;0.0;0.0;0.0;0.0;0.0;0.0;0.0;0.0;0.0;0.0;0.0;0.0;3.0;0.0;0.0;0.0;12369.0;0.046004379;0.0
191018;AG.BELAUNDE - COMAS;0;0.0;0.0;0.0;0.0;1.0;460.0;0.0;0.0;20.0;2600.0;0.0;0.0;0.0;0.0;0.0;0.0;0.0;0.0;0.0;0.0;0.0;0.0;0.0;0.0;0.0;0.0;0.0;0.0;0.0;0.0;0.0;0.0;1.0;46.0;0.0;0.0;4188.0;0.071428571;0.0
191052;AG.SANTA ANITA;0;0.0;0.0;0.0;0.0;11.0;2585.09;0.0;0.0;29.0;6050.0;0.0;0.0;0.0;0.0;0.0;0.0;1.0;0.0;0.0;0.0;0.0;0.0;0.0;0.0;0.0;0.0;0.0;0.0;0.0;0.0;0.0;0.0;8.0;0.0;0.0;0.0;9706.0;0.06148895;1.0
191053;AG.URB. SAN FELIPE COMAS;0;0.0;0.0;0.0;0.0;5.0;3300.0;0.0;0.0;10.0;1020.0;0.0;0.0;0.0;0.0;0.0;0.0;0.0;0.0;0.0;0.0;0.0;0.0;0.0;0.0;0.0;0.0;0.0;0.0;0.0;0.0;0.0;0.0;9.0;0.0;0.0;0.0;5787.0;0.066666667;0.0
191056;AG.PERU;0;0.0;0.0;0.0;0.0;0.0;0.0;0.0;0.0;0.0;0.0;0.0;0.0;0.0;0.0;0.0;0.0;0.0;0.0;0.0;0.0;0.0;0.0;0.0;0.0;0.0;0.0;0.0;0.0;0.0;0.0;0.0;0.0;0.0;0.0;0.0;0.0;0.0;0.090909091;0.0
191058;AG.PLAZA LIMA NORTE;0;0.0;0.0;90.0;1.0;10.0;4980.0;0.0;0.0;23.0;4296.0;0.0;0.0;0.0;0.0;0.0;0.0;0.0;0.0;0.0;0.0;0.0;0.0;0.0;0.0;0.0;0.0;0.0;0.0;0.0;0.0;0.0;0.0;8.0;0.0;0.0;0.0;4428.0;0.078509972;0.0
191062;AG.PLAZA UNION;0;0.0;0.0;0.0;0.0;13.0;3874.35;0.0;0.0;6.0;2840.0;0.0;0.0;2.0;0.0;0.0;0.0;2.0;0.0;0.0;0.0;0.0;0.0;0.0;0.0;0.0;0.0;0.0;0.0;0.0;0.0;0.0;0.0;0.0;0.0;0.0;0.0;789.0;0.111111111;0.0
191065;AG.COLLIQUE;0;0.0;0.0;0.0;0.0;5.0;2020.0;0.0;0.0;13.0;1320.0;0.0;0.0;0.0;0.0;0.0;0.0;0.0;0.0;0.0;0.0;0.0;0.0;0.0;0.0;0.0;0.0;0.0;0.0;0.0;0.0;0.0;0.0;21.0;0.0;0.0;0.0;6186.0;0.090909091;0.0
191068;AG. GAMARRA;0;0.0;0.0;0.0;0.0;2.0;370.0;0.0;0.0;9.0;1410.0;0.0;0.0;2.0;0.0;0.0;0.0;0.0;0.0;0.0;0.0;0.0;0.0;0.0;0.0;0.0;0.0;0.0;0.0;0.0;0.0;0.0;0.0;4.0;0.0;0.0;0.0;7540.0;0.104761905;0.0
191075;AG.CHOSICA;0;0.0;0.0;0.0;0.0;11.0;4180.9;0.0;0.0;4.0;260.0;0.0;0.0;4.0;0.0;0.0;0.0;2.0;0.0;0.0;0.0;0.0;0.0;0.0;0.0;0.0;0.0;0.0;0.0;0.0;0.0;0.0;0.0;6.0;0.0;0.0;0.0;5295.0;0.0;0.0
191137;AG.MALL PLAZA COMAS;0;0.0;0.0;0.0;0.0;7.0;960.0;0.0;0.0;20.0;4130.0;0.0;0.0;2.0;0.0;0.0;0.0;0.0;0.0;0.0;0.0;0.0;0.0;0.0;0.0;0.0;0.0;0.0;0.0;0.0;0.0;0.0;0.0;16.0;10.0;0.0;0.0;5015.0;0.086904762;0.0
191141;AG. NARANJAL;0;0.0;0.0;0.0;0.0;7.0;3874.39;0.0;0.0;33.0;4120.0;0.0;0.0;0.0;0.0;0.0;0.0;0.0;0.0;0.0;0.0;0.0;0.0;0.0;0.0;0.0;0.0;0.0;0.0;0.0;0.0;0.0;0.0;20.0;0.0;0.0;0.0;3274.0;0.052777778;0.0
191147;AG.TOTTUS GUIPOR;0;0.0;0.0;0.0;0.0;2.0;1000.0;0.0;0.0;13.0;1085.0;0.0;0.0;0.0;0.0;0.0;0.0;0.0;0.0;0.0;0.0;0.0;0.0;0.0;0.0;0.0;0.0;0.0;0.0;0.0;0.0;0.0;0.0;17.0;0.0;0.0;0.0;4580.0;0.062663399;0.0
191149;AG. PDH HERSIL;0;0.0;0.0;0.0;0.0;1.0;50.0;0.0;0.0;0.0;0.0;0.0;0.0;0.0;0.0;0.0;0.0;0.0;0.0;0.0;0.0;0.0;0.0;0.0;0.0;0.0;0.0;0.0;0.0;0.0;0.0;0.0;0.0;0.0;0.0;0.0;0.0;0.0;0.5;0.0
192000;CALLAO CAJA TP;0;0.0;0.0;0.0;0.0;1.0;250.0;0.0;0.0;0.0;0.0;0.0;0.0;0.0;0.0;0.0;0.0;0.0;0.0;0.0;0.0;0.0;0.0;0.0;0.0;0.0;0.0;0.0;0.0;0.0;0.0;0.0;0.0;0.0;0.0;0.0;0.0;0.0;0.0;0.0
192069;AG.MARANGA;0;0.0;0.0;0.0;0.0;2.0;34.89;0.0;0.0;12.0;1755.1;0.0;0.0;0.0;0.0;0.0;0.0;1.0;0.0;0.0;0.0;0.0;0.0;0.0;0.0;0.0;0.0;0.0;0.0;0.0;0.0;0.0;0.0;1.0;0.0;0.0;0.0;5756.0;0.057189542;1.0
193007;BCP LAB;0;0.0;0.0;0.0;0.0;22.0;4010.1;0.0;0.0;9.0;6140.0;0.0;0.0;0.0;0.0;0.0;0.0;0.0;0.0;0.0;0.0;0.0;0.0;0.0;0.0;0.0;0.0;0.0;0.0;0.0;0.0;0.0;0.0;15.0;0.0;26903.0;0.0;2658.0;0.0;1.0
193033;AG. BOLIVAR;0;0.0;0.0;0.0;0.0;6.0;3512.4;0.0;0.0;13.0;3290.0;0.0;0.0;3.0;0.0;0.0;0.0;1.0;0.0;0.0;0.0;0.0;0.0;0.0;0.0;0.0;0.0;0.0;0.0;0.0;0.0;0.0;0.0;0.0;9.0;0.0;0.0;4307.0;0.097727273;0.0
193049;AG. SALAVERRY;0;0.0;0.0;0.0;0.0;3.0;1320.0;0.0;0.0;4.0;803.0;0.0;0.0;0.0;0.0;0.0;0.0;0.0;0.0;0.0;0.0;0.0;0.0;0.0;0.0;0.0;0.0;0.0;0.0;0.0;0.0;0.0;0.0;16.0;0.0;0.0;0.0;3522.0;0.1;1.0
193050;AG.SOL DE MOLINA;0;0.0;0.0;0.0;0.0;7.0;2000.0;0.0;0.0;9.0;1350.0;0.0;0.0;0.0;0.0;0.0;0.0;1.0;0.0;0.0;0.0;0.0;0.0;0.0;0.0;0.0;0.0;0.0;0.0;0.0;0.0;0.0;1.0;19.0;0.0;0.0;0.0;5552.0;0.071428571;0.0
193069;AG.CC LA RAMBLA;0;0.0;0.0;0.0;0.0;14.0;53328.94;0.0;0.0;1.0;40.0;0.0;0.0;0.0;0.0;0.0;0.0;1.0;0.0;0.0;0.0;0.0;0.0;0.0;0.0;0.0;0.0;0.0;0.0;0.0;0.0;0.0;1.0;34.0;0.0;0.0;0.0;8551.0;0.148717949;0.0
194005;AG.MALL DEL SUR;0;0.0;0.0;0.0;0.0;3.0;564.29;0.0;0.0;17.0;3473.5;0.0;0.0;0.0;0.0;0.0;0.0;0.0;0.0;0.0;0.0;0.0;0.0;0.0;0.0;0.0;0.0;0.0;0.0;0.0;0.0;0.0;1.0;18.0;0.0;0.0;0.0;4704.0;0.116776557;0.0
194024;AG. VILLA EL SALVADOR;0;0.0;0.0;0.0;0.0;1.0;1000.0;0.0;0.0;4.0;400.0;0.0;0.0;0.0;0.0;0.0;0.0;0.0;0.0;0.0;0.0;0.0;0.0;0.0;0.0;0.0;0.0;0.0;0.0;0.0;0.0;0.0;0.0;0.0;0.0;0.0;0.0;4390.0;0.105555556;0.0
194032;AG. MUNIC VILLA EL SALVADOR;0;0.0;0.0;0.0;0.0;14.0;6355.0;0.0;0.0;11.0;2300.0;0.0;0.0;0.0;0.0;0.0;0.0;0.0;0.0;0.0;0.0;0.0;0.0;0.0;0.0;0.0;0.0;0.0;0.0;0.0;0.0;0.0;0.0;0.0;0.0;0.0;0.0;3789.0;0.042373737;1.0
194039;AG. DIAGONAL MIRAFLORES;0;0.0;800.0;0.0;1.0;6.0;1970.0;0.0;0.0;1.0;9000.0;0.0;0.0;0.0;0.0;0.0;0.0;2.0;0.0;0.0;0.0;0.0;0.0;0.0;0.0;0.0;0.0;0.0;0.0;0.0;0.0;0.0;0.0;19.0;0.0;0.0;0.0;7075.0;0.083333333;1.0
194053;AG. HUERTOS DEL SUR;0;0.0;0.0;0.0;0.0;6.0;9037.2;0.0;0.0;3.0;300.0;0.0;0.0;0.0;0.0;0.0;0.0;0.0;0.0;0.0;0.0;0.0;0.0;0.0;0.0;0.0;0.0;0.0;0.0;0.0;0.0;0.0;0.0;12.0;0.0;0.0;0.0;5250.0;0.121794872;0.0
194055;AG. CC EL POLO;0;0.0;0.0;0.0;0.0;9.0;1630.0;0.0;0.0;4.0;650.0;0.0;0.0;0.0;0.0;0.0;0.0;0.0;0.0;0.0;0.0;0.0;0.0;0.0;0.0;0.0;0.0;0.0;0.0;0.0;0.0;0.0;0.0;13.0;0.0;0.0;0.0;10007.0;0.06127451;0.0
194066;AG. MEGA EXPRESS VILLA EL SALVADOR;0;0.0;0.0;0.0;0.0;9.0;3240.0;0.0;0.0;7.0;1354.0;0.0;0.0;0.0;0.0;0.0;0.0;0.0;0.0;0.0;0.0;0.0;0.0;0.0;0.0;0.0;0.0;0.0;0.0;0.0;0.0;0.0;1.0;25.0;0.0;0.0;0.0;6255.0;0.080952381;0.0
194086;AG. CC.MONTERRICO;0;0.0;0.0;0.0;0.0;2.0;150.0;0.0;0.0;2.0;14.0;0.0;0.0;0.0;0.0;0.0;0.0;1.0;0.0;0.0;0.0;0.0;0.0;0.0;0.0;0.0;0.0;0.0;0.0;0.0;0.0;0.0;0.0;0.0;5.0;0.0;0.0;5240.0;0.081196581;0.0
205000;ANDAHUAYLAS B SERV;0;0.0;0.0;225.0;1.0;248.0;20421.1;0.0;0.0;241.0;16928.0;0.0;0.0;2.0;0.0;0.0;0.0;0.0;0.0;0.0;0.0;0.0;0.0;0.0;0.0;0.0;0.0;0.0;0.0;0.0;0.0;0.0;1.0;0.0;0.0;0.0;0.0;6368.0;0.068253968;1.0
215005;AG.PARQUE INDUSTRIAL;0;0.0;0.0;0.0;0.0;4.0;1766.8;0.0;0.0;21.0;2650.0;0.0;0.0;0.0;0.0;0.0;0.0;1.0;0.0;0.0;0.0;0.0;0.0;0.0;0.0;0.0;0.0;0.0;0.0;0.0;0.0;0.0;0.0;4.0;5.0;0.0;0.0;5894.0;0.0;0.0
215011;AG. MALL AVENTURA PLAZA AREQUIPA;0;0.0;0.0;346.375;0.0;5.0;2460.0;0.0;0.0;16.0;1380.0;0.0;0.0;0.0;0.0;0.0;0.0;0.0;0.0;0.0;0.0;0.0;0.0;0.0;0.0;0.0;0.0;0.0;0.0;0.0;0.0;0.0;0.0;0.0;0.0;0.0;0.0;3030.0;0.059614719;1.0
215013;AG. CERRO COLORADO;0;0.0;0.0;0.0;0.0;9.0;3871.73;0.0;0.0;4.0;270.0;0.0;0.0;0.0;0.0;0.0;0.0;1.0;0.0;0.0;0.0;0.0;0.0;0.0;0.0;0.0;0.0;0.0;0.0;0.0;0.0;0.0;0.0;22.0;0.0;0.0;0.0;5028.0;0.089051383;0.0
220000;AG.AYACUCHO BANCA DE SERVICIO;0;0.0;0.0;525.0;2.0;22.0;5527.6;0.0;0.0;26.0;2206.6;0.0;0.0;0.0;0.0;0.0;0.0;2.0;0.0;0.0;0.0;0.0;0.0;0.0;0.0;0.0;0.0;0.0;0.0;0.0;0.0;0.0;0.0;10.0;15.0;0.0;0.0;8891.0;0.067471989;0.0
280002;AG. NUEVA CHAUPIMARCA;0;0.0;0.0;0.0;0.0;0.0;0.0;0.0;0.0;6.0;330.0;0.0;0.0;0.0;0.0;0.0;0.0;0.0;0.0;0.0;0.0;0.0;0.0;0.0;0.0;0.0;0.0;0.0;0.0;0.0;0.0;0.0;0.0;36.0;0.0;0.0;0.0;5436.0;0.140740741;0.0
285011;AG. REAL PLAZA CUZCO;0;0.0;28.6;75.0;1.0;10.0;1574.62;0.0;0.0;4.0;980.0;0.0;0.0;0.0;0.0;0.0;0.0;0.0;0.0;0.0;0.0;0.0;0.0;0.0;0.0;0.0;0.0;0.0;0.0;0.0;0.0;0.0;1.0;21.0;30.0;0.0;0.0;3752.0;0.090909091;0.0
305007;AG. MERCADO MODELO;0;0.0;0.0;0.0;0.0;4.0;1650.0;0.0;0.0;10.0;820.0;0.0;0.0;0.0;0.0;0.0;0.0;2.0;0.0;0.0;0.0;0.0;0.0;0.0;0.0;0.0;0.0;0.0;0.0;0.0;0.0;0.0;0.0;5.0;25.0;0.0;0.0;3855.0;0.060661765;1.0
350000;HUANCAVELICA BANCA DE SERVICIO;0;0.0;0.0;295.0;0.0;1.0;847.11;0.0;0.0;6.0;220.0;0.0;0.0;0.0;0.0;0.0;0.0;0.0;0.0;0.0;0.0;0.0;0.0;0.0;0.0;0.0;0.0;0.0;0.0;0.0;0.0;0.0;0.0;30.0;0.0;0.0;0.0;2232.0;0.0;0.0
355000;AG. HUANCAYO BCA SERV.;0;0.0;0.0;281.25;111.0;209.0;16369.3;0.0;0.0;579.0;27316.7;0.0;0.0;0.0;0.0;0.0;0.0;1.0;0.0;0.0;0.0;0.0;0.0;0.0;0.0;0.0;0.0;0.0;0.0;0.0;8.0;5495942.8;0.0;22.0;6.0;0.0;0.0;6689.0;0.05974026;2.0
355006;AG. REAL PLAZA HUANCAYO;0;0.0;0.0;375.0;0.0;1.0;1000.0;0.0;0.0;13.0;620.0;0.0;0.0;4.0;0.0;0.0;0.0;0.0;0.0;0.0;0.0;0.0;0.0;0.0;0.0;0.0;0.0;0.0;0.0;0.0;0.0;0.0;0.0;10.0;0.0;0.0;0.0;7165.0;0.066666667;0.0
380000;AG. ICA BANCA DE SERVICIO;0;0.0;0.0;390.0;0.0;106.0;10504.6;0.0;0.0;211.0;615014.7;0.0;0.0;0.0;0.0;0.0;0.0;1.0;0.0;0.0;0.0;0.0;0.0;0.0;0.0;0.0;0.0;0.0;0.0;0.0;0.0;0.0;1.0;36.0;0.0;0.0;0.0;7334.0;0.037999038;2.0
395000;AG. JAEN BCA SERV.;0;0.0;0.0;500.0;166.0;94.0;7600.5;0.0;0.0;167.0;8052.2;0.0;0.0;2.0;0.0;0.0;0.0;0.0;0.0;0.0;0.0;0.0;0.0;0.0;0.0;0.0;0.0;0.0;0.0;0.0;0.0;0.0;0.0;8.0;5.0;0.0;0.0;5445.0;0.059587302;2.0
430000;AG. MOQUEGUA BANCA DE SERV.;0;0.0;50.695;122.5;2.0;6.0;1824.8;0.0;0.0;2.0;150.0;0.0;0.0;0.0;0.0;0.0;0.0;0.0;0.0;0.0;0.0;0.0;0.0;0.0;0.0;0.0;0.0;0.0;0.0;0.0;0.0;0.0;0.0;12.0;12.0;0.0;0.0;3605.0;0.057189542;0.0
435000;AG. MOYOBAMBA B SERV.;0;0.0;500.0;500.0;1.0;1.0;100.0;0.0;0.0;9.0;524.6;0.0;0.0;0.0;0.0;0.0;0.0;1.0;0.0;0.0;0.0;0.0;0.0;0.0;0.0;0.0;0.0;0.0;0.0;0.0;0.0;0.0;0.0;6.0;0.0;0.0;0.0;1191.0;0.127272727;1.0
526000;AG. PANGOA BCA SERV.;0;0.0;0.0;250.0;0.0;0.0;0.0;0.0;0.0;1.0;100.0;0.0;0.0;0.0;0.0;0.0;0.0;0.0;0.0;0.0;0.0;0.0;0.0;0.0;0.0;0.0;0.0;0.0;0.0;0.0;0.0;0.0;1.0;28.0;0.0;0.0;0.0;692.0;0.118055556;1.0
540002;AG. BOLOGNESI;0;0.0;0.0;0.0;0.0;1.0;500.0;0.0;0.0;1.0;300.0;0.0;0.0;0.0;0.0;0.0;0.0;0.0;0.0;0.0;0.0;0.0;0.0;0.0;0.0;0.0;0.0;0.0;0.0;0.0;0.0;0.0;0.0;34.0;0.0;0.0;0.0;4256.0;0.064583333;0.0
565000;AG. TOQUEPALA BANCA DE SERV.;0;0.0;0.0;0.0;0.0;0.0;0.0;0.0;0.0;0.0;0.0;0.0;0.0;0.0;0.0;0.0;0.0;0.0;0.0;0.0;0.0;0.0;0.0;0.0;0.0;0.0;0.0;0.0;0.0;0.0;0.0;0.0;0.0;24.0;0.0;0.0;0.0;770.0;0.0;0.0
570011;AG. REAL PLAZA TRUJILLO;0;0.0;0.0;862.5;7.0;17.0;4004.62;0.0;0.0;12.0;774.0;0.0;0.0;5.0;0.0;0.0;0.0;2.0;0.0;0.0;0.0;0.0;0.0;0.0;0.0;0.0;0.0;0.0;0.0;0.0;0.0;0.0;0.0;17.0;0.0;0.0;0.0;6947.0;0.038974359;0.0
570019;AG.EL PORVENIR;0;0.0;0.0;0.0;0.0;19.0;2046.667;0.0;0.0;15.0;5024.0;0.0;0.0;0.0;0.0;0.0;0.0;0.0;0.0;0.0;0.0;0.0;0.0;0.0;0.0;0.0;0.0;0.0;0.0;0.0;0.0;0.0;0.0;16.0;5.0;0.0;0.0;4519.0;0.088235294;0.0
191007;AG. TORRE AMERICA;0;0.0;0.0;0.0;0.0;6.0;2880.0;0.0;0.0;8.0;2560.0;0.0;0.0;0.0;0.0;0.0;0.0;1.0;0.0;0.0;0.0;0.0;0.0;0.0;0.0;0.0;0.0;0.0;0.0;0.0;0.0;0.0;0.0;0.0;0.0;0.0;0.0;6752.0;0.081990232;0.0
191017;AG.SAN JUAN DE LURIGANCHO;0;0.0;0.0;0.0;0.0;9.0;6058.0;0.0;0.0;29.0;39920.0;0.0;0.0;0.0;0.0;0.0;0.0;1.0;0.0;0.0;0.0;0.0;0.0;0.0;0.0;0.0;0.0;0.0;0.0;0.0;0.0;0.0;0.0;1.0;0.0;0.0;0.0;4605.0;0.05;0.0
191021;AG.SAN MARTIN DE PORRAS;0;0.0;0.0;0.0;0.0;6.0;530.0;0.0;0.0;19.0;2700.0;0.0;0.0;0.0;0.0;0.0;0.0;1.0;0.0;0.0;0.0;0.0;0.0;0.0;0.0;0.0;0.0;0.0;0.0;0.0;0.0;0.0;0.0;0.0;0.0;0.0;0.0;6207.0;0.07008547;0.0
191044;AG.LAS ALONDRAS;0;0.0;0.0;0.0;0.0;6.0;3096.75;0.0;0.0;4.0;400.0;0.0;0.0;0.0;0.0;0.0;0.0;1.0;0.0;0.0;0.0;0.0;0.0;0.0;0.0;0.0;0.0;0.0;0.0;0.0;0.0;0.0;1.0;0.0;0.0;0.0;0.0;5992.0;0.05;0.0
191054;AG.EMANCIPACION;0;0.0;0.0;0.0;0.0;1.0;200.0;0.0;0.0;10.0;980.0;0.0;0.0;0.0;0.0;0.0;0.0;1.0;0.0;0.0;0.0;0.0;0.0;0.0;0.0;0.0;0.0;0.0;0.0;0.0;0.0;0.0;0.0;0.0;0.0;0.0;0.0;4736.0;0.0;0.0
191082;AG.EL SOL;0;0.0;0.0;0.0;0.0;7.0;3750.0;0.0;0.0;34.0;112575.0;0.0;0.0;0.0;0.0;0.0;0.0;0.0;0.0;0.0;0.0;0.0;0.0;0.0;0.0;0.0;0.0;0.0;0.0;0.0;0.0;0.0;0.0;18.0;0.0;0.0;0.0;5965.0;0.080409357;0.0
191084;AG.NACIONES UNIDAS;0;0.0;0.0;0.0;0.0;6.0;1094.0664;0.0;0.0;12.0;2970.0;0.0;0.0;0.0;0.0;0.0;0.0;1.0;0.0;0.0;0.0;0.0;0.0;0.0;0.0;0.0;0.0;0.0;0.0;0.0;0.0;0.0;0.0;0.0;0.0;0.0;0.0;8317.0;0.076923077;0.0
191095;AG.CAPON;0;0.0;0.0;0.0;0.0;6.0;2180.0;0.0;0.0;34.0;4555.0;0.0;0.0;0.0;0.0;0.0;0.0;0.0;0.0;0.0;0.0;0.0;0.0;0.0;0.0;0.0;0.0;0.0;0.0;0.0;0.0;0.0;0.0;0.0;0.0;0.0;0.0;13613.0;0.0;0.0
191106;AG.METRO AV. WIESSE;0;0.0;0.0;0.0;0.0;7.0;3170.0;0.0;0.0;32.0;34160.0;0.0;0.0;4.0;0.0;0.0;0.0;1.0;0.0;0.0;0.0;0.0;0.0;0.0;0.0;0.0;0.0;0.0;0.0;0.0;0.0;0.0;0.0;0.0;0.0;0.0;0.0;9785.0;0.066666667;1.0
191148;AG.LA ENSENADA;0;0.0;0.0;0.0;0.0;0.0;0.0;0.0;0.0;13.0;1396.0;0.0;0.0;0.0;0.0;0.0;0.0;1.0;0.0;0.0;0.0;0.0;0.0;0.0;0.0;0.0;0.0;0.0;0.0;0.0;0.0;0.0;0.0;4.0;0.0;0.0;0.0;7074.0;0.066666667;0.0
192009;AG.PLAZA SAN MIGUEL;0;0.0;0.0;0.0;0.0;4.0;1710.0;0.0;0.0;15.0;2760.0;0.0;0.0;2.0;0.0;0.0;0.0;0.0;0.0;0.0;0.0;0.0;0.0;0.0;0.0;0.0;0.0;0.0;0.0;0.0;0.0;0.0;0.0;0.0;0.0;0.0;0.0;2226.0;0.042874396;0.0
192012;AG.PAMPILLA;0;0.0;0.0;0.0;0.0;0.0;0.0;0.0;0.0;0.0;0.0;0.0;0.0;0.0;0.0;0.0;0.0;0.0;0.0;0.0;0.0;0.0;0.0;0.0;0.0;0.0;0.0;0.0;0.0;0.0;0.0;0.0;0.0;0.0;0.0;0.0;0.0;0.0;0.0;0.0
192030;AG.MAP.BELLAVISTA;0;0.0;0.0;0.0;0.0;13.0;6434.79;0.0;0.0;20.0;2564.0;0.0;0.0;0.0;0.0;0.0;0.0;0.0;0.0;0.0;0.0;0.0;0.0;0.0;0.0;0.0;0.0;0.0;0.0;0.0;0.0;0.0;0.0;8.0;0.0;0.0;0.0;8981.0;0.08496732;0.0
193022;AG. ROSA TORO;0;0.0;0.0;0.0;0.0;2.0;170.0;0.0;0.0;5.0;410.0;0.0;0.0;5.0;0.0;0.0;0.0;0.0;0.0;0.0;0.0;0.0;0.0;0.0;0.0;0.0;0.0;0.0;0.0;0.0;0.0;0.0;0.0;0.0;0.0;0.0;0.0;0.0;0.076923077;0.0
193029;AG. RISSO;0;0.0;0.0;0.0;0.0;7.0;1614.22;0.0;0.0;6.0;334.0;0.0;0.0;2.0;0.0;0.0;0.0;1.0;0.0;0.0;0.0;0.0;0.0;0.0;0.0;0.0;0.0;0.0;0.0;0.0;0.0;0.0;0.0;0.0;0.0;0.0;0.0;3426.0;0.104700855;0.0
193039;AG. SUCRE;0;0.0;0.0;0.0;0.0;9.0;2969.92;0.0;0.0;7.0;750.0;0.0;0.0;0.0;0.0;0.0;0.0;1.0;0.0;0.0;0.0;0.0;0.0;0.0;0.0;0.0;0.0;0.0;0.0;0.0;0.0;0.0;0.0;0.0;0.0;0.0;0.0;4784.0;0.071428571;0.0
193048;AG.PABLO BERMUDEZ;0;0.0;0.0;0.0;0.0;6.0;1585.0;0.0;0.0;8.0;560.0;0.0;0.0;0.0;0.0;0.0;0.0;0.0;0.0;0.0;0.0;0.0;0.0;0.0;0.0;0.0;0.0;0.0;0.0;0.0;0.0;0.0;0.0;10.0;0.0;0.0;0.0;4268.0;0.25;0.0
193058;AG. JIRON BOLOGNESI;0;0.0;0.0;0.0;0.0;17.0;5152.5;0.0;0.0;27.0;7825.0;0.0;0.0;0.0;0.0;0.0;0.0;2.0;0.0;0.0;0.0;0.0;0.0;0.0;0.0;0.0;0.0;0.0;0.0;0.0;0.0;0.0;0.0;33.0;0.0;0.0;0.0;6006.0;0.153418803;0.0
193060;AG.SAN FELIPE;0;0.0;0.0;0.0;0.0;12.0;6427.5846;0.0;0.0;0.0;0.0;0.0;0.0;0.0;0.0;0.0;0.0;0.0;0.0;0.0;0.0;0.0;0.0;0.0;0.0;0.0;0.0;0.0;0.0;0.0;0.0;0.0;0.0;31.0;0.0;0.0;0.0;8512.0;0.076409314;1.0
193063;AG.ARENALES;0;0.0;0.0;0.0;0.0;6.0;964.62;0.0;0.0;6.0;874.0;0.0;0.0;0.0;0.0;0.0;0.0;1.0;0.0;0.0;0.0;0.0;0.0;0.0;0.0;0.0;0.0;0.0;0.0;0.0;0.0;0.0;0.0;8.0;0.0;0.0;0.0;2393.0;0.129212454;1.0
193076;AG. DASSO;0;0.0;0.0;0.0;0.0;2.0;880.0;0.0;0.0;0.0;0.0;0.0;0.0;0.0;0.0;0.0;0.0;0.0;0.0;0.0;0.0;0.0;0.0;0.0;0.0;0.0;0.0;0.0;0.0;0.0;0.0;0.0;0.0;4.0;0.0;0.0;0.0;3995.0;0.111111111;0.0
194011;AG. LAS GARDENIAS;0;0.0;0.0;0.0;0.0;8.0;3390.0;0.0;0.0;4.0;590.0;0.0;0.0;0.0;0.0;0.0;0.0;0.0;0.0;0.0;0.0;0.0;0.0;0.0;0.0;0.0;0.0;0.0;0.0;0.0;0.0;0.0;0.0;8.0;0.0;0.0;0.0;7928.0;0.109389589;0.0
194016;AG. CC. AURORA;0;0.0;0.0;0.0;0.0;3.0;820.0;0.0;0.0;6.0;660.0;0.0;0.0;0.0;0.0;0.0;0.0;2.0;0.0;0.0;0.0;0.0;0.0;0.0;0.0;0.0;0.0;0.0;0.0;0.0;0.0;0.0;0.0;15.0;0.0;0.0;0.0;6480.0;0.090899123;0.0
194022;AG. LURIN;0;0.0;0.0;0.0;0.0;16.0;7300.0;0.0;0.0;21.0;1890.0;0.0;0.0;0.0;0.0;0.0;0.0;2.0;0.0;0.0;0.0;0.0;0.0;0.0;0.0;0.0;0.0;0.0;0.0;0.0;0.0;0.0;0.0;0.0;18.0;0.0;0.0;4478.0;0.077631579;0.0
194040;AG. VARGAS MACHUCA;0;0.0;0.0;0.0;0.0;10.0;2170.0;0.0;0.0;6.0;190.0;0.0;0.0;0.0;0.0;0.0;0.0;0.0;0.0;0.0;0.0;0.0;0.0;0.0;0.0;0.0;0.0;0.0;0.0;0.0;0.0;0.0;1.0;15.0;0.0;0.0;0.0;4296.0;0.071428571;0.0
194048;AG. SANTIAGO DE SURCO;0;0.0;0.0;0.0;0.0;4.0;1012.4;0.0;0.0;11.0;845.0;0.0;0.0;0.0;0.0;0.0;0.0;0.0;0.0;0.0;0.0;0.0;0.0;0.0;0.0;0.0;0.0;0.0;0.0;0.0;0.0;0.0;1.0;19.0;6.0;0.0;0.0;2941.0;0.083333333;0.0
194064;AG. LOS VIÃ‘EDOS;0;0.0;0.0;0.0;0.0;7.0;2921.21;0.0;0.0;15.0;2225.0;0.0;0.0;0.0;0.0;0.0;0.0;4.0;0.0;0.0;0.0;0.0;0.0;0.0;0.0;0.0;0.0;0.0;0.0;0.0;0.0;0.0;0.0;23.0;0.0;0.0;0.0;8153.0;0.107378732;1.0
200000;ABANCAY BCA SERVIC;0;0.0;0.0;150.0;4.0;16.0;5950.5;0.0;0.0;56.0;3179.7;0.0;0.0;8.0;0.0;0.0;0.0;0.0;0.0;0.0;0.0;0.0;0.0;0.0;0.0;0.0;0.0;0.0;0.0;0.0;0.0;0.0;0.0;0.0;0.0;0.0;0.0;6110.0;0.058823529;0.0
245000;AG.CAJAMARCA BANCA DE SERVICIO;0;0.0;35.0;425.0;4.0;59.0;5063.71;0.0;0.0;201.0;12696.4;0.0;0.0;3.0;0.0;0.0;0.0;1.0;0.0;0.0;0.0;0.0;0.0;0.0;0.0;0.0;0.0;0.0;0.0;0.0;10.0;13972360.0;0.0;5.0;0.0;0.0;0.0;8878.0;0.044607918;0.0
251000;EL PEDREGAL BANCA DE SERVICIO;0;0.0;0.0;800.0;0.0;6.0;2309.17;0.0;0.0;10.0;600.0;0.0;0.0;0.0;0.0;0.0;0.0;0.0;0.0;0.0;0.0;0.0;0.0;0.0;0.0;0.0;0.0;0.0;0.0;0.0;0.0;0.0;1.0;12.0;0.0;0.0;0.0;4216.0;0.11013986;0.0
285009;AG. URUBAMBA;0;0.0;0.0;0.0;0.0;3.0;850.0;0.0;0.0;4.0;2400.0;0.0;0.0;0.0;0.0;0.0;0.0;1.0;0.0;0.0;0.0;0.0;0.0;0.0;0.0;0.0;0.0;0.0;0.0;0.0;0.0;0.0;0.0;0.0;0.0;0.0;0.0;3722.0;0.25;0.0
295000;AG. CHANCAY BCA SERV.;0;0.0;0.0;400.0;0.0;7.0;2175.5;0.0;0.0;4.0;400.0;0.0;0.0;0.0;0.0;0.0;0.0;0.0;0.0;0.0;0.0;0.0;0.0;0.0;0.0;0.0;0.0;0.0;0.0;0.0;0.0;0.0;0.0;40.0;0.0;0.0;0.0;2868.0;0.0;0.0
310001;AG. SAN PEDRITO;0;0.0;0.0;0.0;0.0;8.0;3460.0;0.0;0.0;15.0;1160.0;0.0;0.0;0.0;0.0;0.0;0.0;2.0;0.0;0.0;0.0;0.0;0.0;0.0;0.0;0.0;0.0;0.0;0.0;0.0;0.0;0.0;0.0;10.0;8.0;0.0;0.0;2182.0;0.148717949;0.0
310004;AG. MEGA PLAZA CHIMBOTE;0;0.0;1650.0;130.0;2.0;4.0;1470.0;0.0;0.0;7.0;216.0;0.0;0.0;0.0;0.0;0.0;0.0;0.0;0.0;0.0;0.0;0.0;0.0;0.0;0.0;0.0;0.0;0.0;0.0;0.0;0.0;0.0;0.0;0.0;0.0;0.0;0.0;4649.0;0.1;0.0
355005;AG. MANTARO;0;0.0;0.0;0.0;0.0;2.0;1650.0;0.0;0.0;3.0;313.0;0.0;0.0;0.0;0.0;0.0;0.0;0.0;0.0;0.0;0.0;0.0;0.0;0.0;0.0;0.0;0.0;0.0;0.0;0.0;0.0;0.0;0.0;31.0;0.0;0.0;0.0;5955.0;0.048809524;0.0
375000;AG. HUARAZ BCA SERV.;0;0.0;0.0;500.0;0.0;40.0;4586.91;0.0;0.0;102.0;9076.2;0.0;0.0;0.0;0.0;0.0;0.0;1.0;0.0;0.0;0.0;0.0;0.0;0.0;0.0;0.0;0.0;0.0;0.0;0.0;0.0;0.0;0.0;0.0;0.0;0.0;0.0;2898.0;0.084589372;1.0
380008;AG. EL QUINDE-ICA;0;0.0;100.25;0.0;5.0;5.0;730.0;0.0;0.0;18.0;3520.0;0.0;0.0;0.0;0.0;0.0;0.0;3.0;0.0;0.0;0.0;0.0;0.0;0.0;0.0;0.0;0.0;0.0;0.0;0.0;0.0;0.0;0.0;0.0;0.0;0.0;0.0;2989.0;0.067051282;0.0
403000;AG. JUANJUI B.SERV.;0;0.0;0.0;300.0;0.0;2.0;379.25;0.0;0.0;2.0;120.0;0.0;0.0;0.0;0.0;0.0;0.0;0.0;0.0;0.0;0.0;0.0;0.0;0.0;0.0;0.0;0.0;0.0;0.0;0.0;0.0;0.0;0.0;6.0;0.0;0.0;0.0;2848.0;0.111111111;0.0
405005;AG. JAUREGUI;0;0.0;0.0;0.0;0.0;9.0;3000.0;0.0;0.0;48.0;1002.0;0.0;0.0;0.0;0.0;0.0;0.0;2.0;0.0;0.0;0.0;0.0;0.0;0.0;0.0;0.0;0.0;0.0;0.0;0.0;0.0;0.0;0.0;8.0;0.0;0.0;0.0;5386.0;0.064583333;2.0
455000;AG. PAITA BCA SERV.;0;0.0;0.0;950.0;0.0;1.0;47.74;0.0;0.0;4.0;400.0;0.0;0.0;3.0;0.0;0.0;0.0;2.0;0.0;0.0;0.0;0.0;0.0;0.0;0.0;0.0;0.0;0.0;0.0;0.0;0.0;0.0;0.0;0.0;0.0;0.0;0.0;5523.0;0.066666667;0.0
475007;OFICINA REAL PLAZA PIURA;0;0.0;380.0;0.0;2.0;2.0;590.0;0.0;0.0;8.0;3950.0;0.0;0.0;0.0;0.0;0.0;0.0;1.0;0.0;0.0;0.0;0.0;0.0;0.0;0.0;0.0;0.0;0.0;0.0;0.0;0.0;0.0;0.0;15.0;0.0;0.0;0.0;8851.0;0.070175439;0.0
480001;AG. OFICINA 7 DE JUNIO;0;0.0;0.0;0.0;0.0;3.0;2320.0;0.0;0.0;2.0;150.0;0.0;0.0;0.0;0.0;0.0;0.0;1.0;0.0;0.0;0.0;0.0;0.0;0.0;0.0;0.0;0.0;0.0;0.0;0.0;0.0;0.0;0.0;0.0;0.0;0.0;0.0;6604.0;0.090909091;0.0
525000;AG. SATIPO BCA SERVICIO;0;0.0;0.0;750.0;0.0;0.0;0.0;0.0;0.0;0.0;0.0;0.0;0.0;0.0;0.0;0.0;0.0;0.0;0.0;0.0;0.0;0.0;0.0;0.0;0.0;0.0;0.0;0.0;0.0;0.0;0.0;0.0;0.0;3.0;0.0;0.0;0.0;4506.0;0.087121212;2.0
540004;AG. ALTO DE LA ALIANZA;0;0.0;0.0;0.0;0.0;3.0;600.0;0.0;0.0;5.0;700.0;0.0;0.0;0.0;0.0;0.0;0.0;1.0;0.0;0.0;0.0;0.0;0.0;0.0;0.0;0.0;0.0;0.0;0.0;0.0;0.0;0.0;0.0;11.0;0.0;0.0;0.0;4320.0;0.076923077;1.0
545000;AG. TALARA BCA SERV.;0;0.0;2500.0;0.0;1.0;8.0;3990.0;0.0;0.0;6.0;310.0;0.0;0.0;2.0;0.0;0.0;0.0;0.0;0.0;0.0;0.0;0.0;0.0;0.0;0.0;0.0;0.0;0.0;0.0;0.0;0.0;0.0;0.0;1.0;0.0;0.0;0.0;4764.0;0.102380952;1.0
570004;AG. PRIMAVERA;0;0.0;0.0;0.0;0.0;6.0;2688.4586;0.0;0.0;4.0;2060.0;0.0;0.0;0.0;0.0;0.0;0.0;3.0;0.0;0.0;0.0;0.0;0.0;0.0;0.0;0.0;0.0;0.0;0.0;0.0;0.0;0.0;1.0;0.0;0.0;0.0;0.0;8547.0;0.0;0.0
